id,sex,age,height,weight,income,education,confession,children,happiness,fitness,food,alcohol,tattoos,rhine,datause,consultations,hiking,fasnacht,eyecor
1,male,31,180.6,82.5,7200,SEK_III,confessionless,1,7,5,980,33,0,1,122,4,33,no,no
2,female,41,161.6,63.1,6100,SEK_III,catholic,1,7,6,820,16,0,9,47,3,71,no,no
3,male,41,167.7,98,8800,SEK_III,confessionless,2,6,4,760,24,5,4,99,5,14,no,yes
4,female,52,165.8,60,9600,SEK_III,confessionless,1,7,5,1610,0,1,3,74,3,49,no,yes
5,female,30,171.6,62.4,7000,SEK_III,confessionless,2,5,5,760,0,0,0,85,2,19,no,yes
6,female,65,174.5,82.2,10800,apprenticeship,catholic,2,7,5,830,8,0,5,78,5,89,no,yes
7,male,52,171,87.7,12400,SEK_III,catholic,1,7,6,1170,39,4,3,55,4,86,no,yes
8,male,25,178.8,85.3,3400,SEK_III,evangelical-reformed,2,5,5,410,49,5,4,71,4,77,no,yes
9,female,60,141.9,76.7,10400,SEK_III,confessionless,1,7,6,1100,18,0,0,88,7,37,no,yes
10,female,44,187.9,64.1,8200,apprenticeship,catholic,3,7,6,750,24,0,6,71,5,48,no,yes
11,female,31,166.8,76.7,5200,SEK_III,evangelical-reformed,2,9,2,990,0,5,5,102,7,35,no,yes
12,male,63,180.9,106.5,10400,apprenticeship,catholic,1,7,5,990,47,0,7,102,1,37,no,yes
13,female,26,166.5,67.4,5100,apprenticeship,catholic,1,8,2,410,25,1,9,107,6,46,no,yes
14,male,31,176.8,83.9,5200,SEK_III,catholic,4,7,4,220,62,2,5,128,5,76,no,yes
15,female,54,143.8,55.5,7900,apprenticeship,confessionless,2,8,5,1230,22,4,4,75,3,56,no,yes
16,female,27,168.5,70.2,6100,apprenticeship,catholic,1,8,2,770,33,0,0,106,7,82,no,no
17,male,43,179.4,101.9,8100,SEK_III,evangelical-reformed,3,6,8,380,58,9,6,85,4,46,no,yes
18,male,84,180.6,88.3,14400,SEK_III,catholic,1,9,9,1360,37,4,6,80,2,33,no,no
19,female,41,164.2,64.2,6300,apprenticeship,muslim,4,7,7,450,43,0,3,77,5,80,no,no
20,male,49,185.1,98.4,6200,SEK_III,confessionless,2,7,9,620,47,0,2,97,1,23,no,no
21,male,22,174.4,79.6,3400,SEK_III,muslim,2,7,3,-130,62,3,3,93,5,35,no,yes
22,male,32,183.2,55.4,3900,SEK_II,evangelical-reformed,0,6,5,770,27,0,2,123,1,94,no,yes
23,female,40,164.9,61.2,7400,SEK_III,evangelical-reformed,2,6,7,870,27,0,4,84,3,81,no,yes
24,female,46,174.7,45.8,7700,obligatory_school,confessionless,2,10,2,660,41,0,7,96,3,35,no,yes
25,male,74,166.3,99.7,12800,apprenticeship,catholic,2,7,4,780,74,0,5,99,2,50,no,no
26,female,61,165.9,75.7,10000,SEK_III,evangelical-reformed,1,6,3,900,22,2,2,100,3,76,no,no
27,male,29,173.3,106.7,5000,SEK_III,muslim,2,7,4,700,62,2,4,85,1,55,no,yes
28,female,42,165.6,59.3,5600,SEK_III,other,1,6,7,830,0,7,4,105,3,80,no,yes
29,male,26,171.5,84,3400,SEK_III,catholic,0,6,6,-190,52,2,2,75,2,54,no,no
30,male,44,176.2,92.3,8200,apprenticeship,catholic,1,6,4,660,24,4,6,107,7,80,no,yes
31,female,31,167.8,73.4,5600,SEK_III,catholic,1,6,9,830,28,0,5,121,4,63,no,yes
32,male,90,171.4,81.9,14900,SEK_II,catholic,2,6,5,1580,39,0,3,66,5,27,no,no
33,female,22,178.4,49.5,3900,obligatory_school,confessionless,0,7,3,470,25,5,6,84,5,75,no,no
34,male,23,183.9,91.4,5800,apprenticeship,evangelical-reformed,2,6,5,200,26,5,5,115,4,33,no,yes
35,male,40,202.6,60.3,4800,apprenticeship,evangelical-reformed,3,9,4,540,46,8,6,84,2,26,no,no
36,female,55,172.7,61.9,9400,SEK_III,catholic,5,7,7,1150,26,2,4,111,4,43,no,no
37,male,23,176.1,65.3,2000,SEK_III,confessionless,1,7,4,990,0,0,1,97,4,60,no,yes
38,female,32,164.5,66.6,4600,apprenticeship,confessionless,2,7,3,230,46,0,3,106,7,51,no,no
39,male,27,201.2,83.4,6000,obligatory_school,confessionless,1,7,3,-20,62,0,8,82,1,31,no,no
40,male,59,193.3,80.2,9400,SEK_III,catholic,2,6,6,930,33,0,0,55,5,57,yes,no
41,male,51,184.2,56.3,7900,SEK_II,confessionless,1,7,8,760,29,7,7,126,4,63,no,yes
42,male,51,173.5,81.1,6900,SEK_III,catholic,1,7,6,230,54,5,3,115,6,55,no,no
43,male,61,174.3,102.3,10600,SEK_III,confessionless,3,6,5,640,68,7,3,78,4,35,no,yes
44,female,43,161.9,77.8,5900,SEK_III,catholic,2,7,2,540,25,0,5,103,6,73,no,no
45,male,57,173.1,80,9700,apprenticeship,catholic,2,6,8,1640,0,0,3,47,2,93,no,yes
46,female,50,161.5,77,8900,SEK_III,evangelical-reformed,4,7,6,1060,18,0,0,109,5,78,no,no
47,male,42,195.5,96.2,7500,obligatory_school,other,2,7,4,1230,26,0,6,112,5,91,no,no
48,male,31,176.7,67.7,4200,apprenticeship,muslim,0,9,2,830,0,0,6,96,5,47,no,no
49,female,51,152.8,70.6,7600,apprenticeship,catholic,3,7,5,830,38,2,0,67,5,56,no,yes
50,female,80,157.7,75.6,13200,SEK_III,catholic,2,7,6,1860,0,3,3,80,7,64,no,yes
51,female,88,177.3,61.1,12900,SEK_III,evangelical-reformed,3,7,6,1100,29,0,2,100,5,59,no,no
52,male,73,160.1,100.4,12000,SEK_III,catholic,2,7,2,1580,24,3,6,72,4,47,no,yes
53,male,40,173.8,63.7,6800,obligatory_school,catholic,3,5,7,930,17,5,5,85,2,69,no,no
54,male,31,165.6,72.9,5100,SEK_III,confessionless,2,7,2,270,47,4,4,121,3,38,no,no
55,female,53,161.1,72.3,7300,obligatory_school,confessionless,2,6,5,710,14,0,4,78,4,63,no,yes
56,female,26,161.8,71.5,7300,SEK_II,confessionless,2,7,6,1010,0,0,2,74,1,64,no,no
57,male,38,175.5,75.9,5200,SEK_III,confessionless,3,7,3,860,29,0,6,71,3,46,no,yes
58,male,68,175.8,76.4,11200,SEK_III,evangelical-reformed,1,7,4,1100,33,2,6,117,3,0,no,yes
59,female,58,169.6,59.9,9400,SEK_II,muslim,2,7,3,500,29,0,5,122,4,64,no,yes
60,female,70,160.3,61.1,11300,apprenticeship,confessionless,2,6,4,1180,36,6,3,75,4,40,no,yes
61,male,33,184,75.3,6400,SEK_III,confessionless,2,6,7,710,24,5,3,125,3,28,yes,no
62,male,39,148.4,77.8,6400,obligatory_school,confessionless,3,7,2,400,61,0,4,54,3,76,no,yes
63,male,58,200.2,96.4,9100,apprenticeship,catholic,1,5,6,1230,0,4,3,91,4,115,no,yes
64,female,24,168,59.4,5400,apprenticeship,evangelical-reformed,2,6,3,560,28,0,5,81,7,56,no,yes
65,male,62,202.6,82.4,8800,apprenticeship,catholic,1,7,5,900,38,0,3,82,4,75,no,no
66,female,42,169.1,64.3,7900,apprenticeship,evangelical-reformed,1,7,5,1080,28,0,1,112,5,51,no,yes
67,male,58,170.2,93.9,9900,SEK_III,catholic,0,7,5,1010,23,0,4,117,4,20,no,yes
68,male,53,212.8,79.7,6300,obligatory_school,catholic,1,7,6,880,6,0,7,103,3,27,no,yes
69,female,45,164.9,69.1,6800,SEK_III,confessionless,2,7,2,920,0,0,4,100,4,61,no,yes
70,male,31,172.7,80.1,6200,apprenticeship,catholic,2,8,5,360,57,0,4,107,2,55,no,yes
71,female,48,151.2,68.8,9100,SEK_III,catholic,0,5,9,1100,11,0,4,80,9,59,no,yes
72,female,88,167,70.3,13000,SEK_III,other,2,8,4,1060,43,4,3,59,1,52,no,no
73,male,46,169.6,71.5,8800,apprenticeship,other,0,7,2,620,45,2,0,83,7,39,no,yes
74,female,44,172.6,46.6,6700,SEK_III,confessionless,2,6,6,390,21,1,3,94,2,88,no,yes
75,female,37,159.4,54.1,4000,SEK_III,evangelical-reformed,1,7,5,730,0,0,6,123,5,88,yes,yes
76,female,65,172.7,71,11900,obligatory_school,other,3,6,5,1660,0,0,4,78,6,50,no,yes
77,male,87,189.8,71.7,14300,SEK_III,catholic,2,7,6,2100,0,6,4,87,5,33,no,yes
78,male,31,187.7,91.9,4800,SEK_III,catholic,2,7,3,380,35,1,3,90,1,71,no,yes
79,male,41,177.3,92.4,5500,SEK_III,catholic,2,7,5,360,71,4,2,103,5,57,no,no
80,male,32,177,77.6,5900,SEK_III,catholic,2,7,1,410,44,0,1,97,6,81,no,yes
81,male,26,192.4,81.6,5900,SEK_III,catholic,1,7,2,530,55,0,3,61,2,51,no,yes
82,female,39,176.1,50.3,6500,obligatory_school,other,4,8,6,480,32,8,7,111,3,67,no,yes
83,male,56,171.6,90.3,8800,obligatory_school,muslim,0,6,7,280,50,3,3,79,3,65,no,no
84,male,26,168.1,69.3,3000,SEK_III,confessionless,3,7,7,-140,43,2,2,102,2,33,no,yes
85,female,35,168.2,59,6000,apprenticeship,evangelical-reformed,3,7,2,900,30,0,5,94,3,60,no,yes
86,female,36,193,68.9,5800,SEK_III,evangelical-reformed,2,7,6,720,34,5,3,97,5,92,no,no
87,female,22,142,62.7,3800,apprenticeship,catholic,3,7,4,310,24,5,3,86,3,50,no,yes
88,male,50,175.5,82,9000,SEK_III,confessionless,2,10,4,1090,34,3,6,98,1,45,no,no
89,male,42,173.9,122.1,5400,SEK_III,evangelical-reformed,3,6,4,570,61,6,4,105,4,48,no,no
90,male,31,187.7,73.8,6100,SEK_III,confessionless,3,7,3,1210,31,2,6,97,4,53,no,yes
91,female,31,149.5,70.3,3900,apprenticeship,evangelical-reformed,4,7,4,730,0,0,5,60,3,71,no,no
92,female,37,174.2,70.5,6600,apprenticeship,catholic,3,7,6,660,20,7,0,77,4,73,no,yes
93,female,32,153.1,55.4,5000,SEK_III,evangelical-reformed,2,9,10,1100,0,0,2,79,4,65,no,no
94,male,31,187.1,83.9,6800,apprenticeship,confessionless,1,7,4,580,45,8,2,78,1,67,no,yes
95,male,40,175.3,77.4,5700,SEK_III,evangelical-reformed,1,5,6,650,29,0,1,55,3,94,no,yes
96,female,49,152.7,44.3,7500,SEK_III,evangelical-reformed,1,7,4,540,25,0,7,93,7,94,no,yes
97,male,27,161.3,83,3400,apprenticeship,catholic,2,8,7,860,2,5,4,108,1,81,no,no
98,male,46,186.7,71.3,6400,apprenticeship,evangelical-reformed,2,6,5,620,36,0,8,80,3,68,no,yes
99,female,21,162.2,56.5,3300,apprenticeship,catholic,2,5,6,470,8,0,5,112,6,85,no,yes
100,male,26,180.8,90.2,3600,SEK_III,confessionless,3,7,5,530,51,7,2,124,2,25,no,no
101,female,33,164.9,58.2,6900,apprenticeship,evangelical-reformed,1,7,5,1030,33,0,4,99,3,42,no,no
102,female,80,167.2,60.9,14000,apprenticeship,catholic,2,5,5,1690,15,0,0,128,6,66,no,yes
103,male,46,158.6,82.5,7500,SEK_III,confessionless,1,7,6,720,31,0,3,52,5,87,no,yes
104,female,39,177.8,78.5,7800,apprenticeship,evangelical-reformed,0,9,4,780,35,0,9,49,3,58,no,yes
105,male,53,170.6,92.5,9500,SEK_III,catholic,2,7,1,1220,46,0,4,98,1,90,no,yes
106,female,22,184.4,65.5,4900,SEK_III,catholic,0,7,7,470,34,0,6,79,2,50,no,no
107,female,39,164.3,64.4,6700,apprenticeship,other,1,7,4,1030,10,0,3,68,6,83,no,no
108,male,50,177.1,92.3,10400,SEK_III,catholic,1,6,3,1060,47,1,7,98,2,28,no,yes
109,female,31,163.5,61.9,3700,SEK_III,catholic,3,8,5,520,26,12,1,78,4,42,no,yes
110,male,64,158.1,87.8,10300,apprenticeship,evangelical-reformed,1,7,3,1300,0,5,3,109,2,22,no,yes
111,male,32,180.3,100.7,3600,SEK_III,catholic,1,6,6,430,0,0,4,46,2,37,no,no
112,male,42,174.9,85.6,7400,apprenticeship,evangelical-reformed,3,9,2,910,30,0,1,88,4,79,no,yes
113,male,67,193.8,88.9,13300,SEK_III,confessionless,1,6,2,1600,34,0,8,105,2,29,no,yes
114,male,40,173.5,89.4,7600,obligatory_school,evangelical-reformed,2,5,2,970,0,0,5,76,4,98,no,yes
115,male,31,178.5,64.5,6600,SEK_III,evangelical-reformed,1,8,3,700,0,5,1,63,2,102,no,yes
116,female,39,172.7,67.1,3700,SEK_III,catholic,2,8,2,890,7,1,2,75,5,50,no,no
117,female,31,151.3,72.7,6300,obligatory_school,muslim,1,7,5,180,31,0,6,79,3,26,no,yes
118,female,56,176.1,61.1,8400,apprenticeship,evangelical-reformed,1,6,8,420,29,0,2,87,4,62,no,no
119,male,30,167.5,80.7,5700,SEK_III,evangelical-reformed,2,6,6,420,0,0,1,78,4,21,no,yes
120,female,54,150.7,72,5700,apprenticeship,other,3,10,5,450,47,0,4,73,5,53,no,yes
121,female,98,151.2,65.8,15600,SEK_III,catholic,2,7,4,2170,3,0,6,103,5,61,no,yes
122,female,65,172,62.8,11700,SEK_II,confessionless,2,5,3,1250,14,0,0,45,3,66,no,yes
123,male,31,147.5,81.9,3500,apprenticeship,catholic,2,7,7,500,28,10,6,70,1,3,no,yes
124,female,52,170,60.1,7900,apprenticeship,catholic,0,6,5,860,41,0,0,66,4,42,no,yes
125,female,78,146.7,61.9,13500,apprenticeship,catholic,2,7,7,1750,0,4,4,100,5,83,no,yes
126,male,65,180.3,75.2,10900,obligatory_school,confessionless,2,7,8,1550,0,5,2,89,3,56,no,no
127,female,42,165.3,68.5,7300,SEK_III,evangelical-reformed,2,8,6,900,21,0,4,55,1,37,no,no
128,male,37,169.5,97.8,7700,SEK_III,confessionless,1,7,4,730,47,0,6,49,6,42,no,yes
129,male,29,173.5,71,4600,apprenticeship,catholic,2,8,6,550,47,0,4,96,5,76,no,yes
130,female,42,171.8,59.6,7400,SEK_III,confessionless,1,6,6,1250,11,0,6,97,8,54,no,no
131,male,50,171.3,84.5,8500,SEK_III,evangelical-reformed,2,7,9,440,50,8,8,55,4,66,no,yes
132,female,48,167.5,49.4,6400,SEK_II,muslim,1,6,2,890,11,0,0,71,3,73,yes,no
133,male,60,188.3,83.5,10900,SEK_III,confessionless,4,8,7,1160,47,0,0,77,4,65,no,no
134,male,28,159.6,105.6,5300,apprenticeship,catholic,2,5,5,460,30,0,6,90,2,69,no,yes
135,male,32,180.4,78.8,5700,apprenticeship,confessionless,3,6,3,640,43,1,3,54,2,53,no,yes
136,female,54,184.6,70.7,8900,SEK_III,evangelical-reformed,2,6,5,1390,32,6,4,130,2,32,no,yes
137,female,44,161.3,66.1,7400,SEK_III,catholic,1,8,6,490,31,0,3,104,2,32,no,yes
138,female,78,188.1,48,12100,apprenticeship,catholic,4,7,8,1250,29,0,8,65,5,66,no,yes
139,female,34,176.1,71.7,3600,apprenticeship,evangelical-reformed,1,5,4,360,28,8,2,126,6,56,no,yes
140,female,40,171.5,68.8,7500,apprenticeship,catholic,2,7,2,750,13,3,8,104,4,22,no,no
141,male,70,158.4,81.5,12300,SEK_III,catholic,1,8,7,1310,28,0,5,90,2,89,no,no
142,female,31,172.3,59.5,5000,SEK_III,confessionless,2,8,8,1020,12,0,2,75,4,50,no,yes
143,male,30,188.4,77,5500,obligatory_school,catholic,3,7,4,120,50,0,2,86,3,69,no,yes
144,female,20,154.2,49.1,3400,SEK_III,catholic,5,8,4,460,30,0,4,110,7,51,no,yes
145,male,27,181.3,102.3,6100,apprenticeship,confessionless,1,8,7,750,13,5,5,102,2,37,no,yes
146,male,47,171.1,90.8,7500,SEK_III,evangelical-reformed,2,8,4,590,78,0,5,108,1,96,no,yes
147,male,70,172.4,62.9,12300,apprenticeship,confessionless,1,8,2,1230,9,7,4,97,2,80,no,yes
148,female,30,162.4,71.8,5900,apprenticeship,confessionless,2,7,4,770,24,0,2,80,9,66,no,yes
149,male,31,206.4,95.9,7500,apprenticeship,catholic,1,6,6,610,54,2,6,51,2,85,no,no
150,male,31,187.4,80.9,6700,SEK_II,catholic,2,7,7,570,39,1,9,85,4,82,no,no
151,male,66,179.2,101,10700,SEK_III,catholic,2,7,5,930,38,3,6,104,1,24,no,no
152,male,87,163.5,90.5,14700,apprenticeship,catholic,1,8,2,1270,37,1,2,79,2,39,yes,yes
153,male,31,196.5,95.4,7800,SEK_III,confessionless,3,6,5,260,51,0,7,92,5,69,no,yes
154,female,48,185.6,52.5,8300,SEK_III,catholic,1,7,4,420,31,0,4,103,1,29,no,no
155,male,67,185.6,72.8,11400,SEK_III,evangelical-reformed,0,7,7,1190,33,0,1,96,3,66,no,yes
156,male,27,173.8,72.8,5300,SEK_III,evangelical-reformed,1,7,6,490,34,5,5,77,4,79,no,no
157,female,64,170.1,71.4,9900,apprenticeship,catholic,1,6,5,940,28,0,4,90,5,54,no,no
158,female,51,164,60.8,9700,obligatory_school,confessionless,1,7,6,1050,19,0,4,68,5,49,no,no
159,female,59,154.5,74.3,9800,SEK_III,evangelical-reformed,2,7,4,550,34,5,10,70,3,40,no,yes
160,female,43,165.8,63.5,9300,SEK_III,catholic,0,8,3,1510,0,0,4,97,7,72,no,yes
161,female,37,160.3,66.2,6500,apprenticeship,confessionless,3,7,4,1040,0,5,2,92,7,43,no,no
162,female,87,172.4,56.8,13700,SEK_III,confessionless,3,6,5,1160,24,0,2,96,8,47,no,yes
163,female,72,164,43,12500,apprenticeship,catholic,2,7,8,1730,17,4,3,76,4,35,no,yes
164,male,31,168.5,90.1,6200,apprenticeship,catholic,4,7,4,770,42,0,7,105,2,45,no,yes
165,male,61,171,80.9,9100,SEK_III,catholic,2,7,5,1220,17,0,5,70,3,40,no,yes
166,male,31,173.5,87.3,5100,obligatory_school,confessionless,2,7,5,590,35,3,1,123,1,48,no,no
167,female,24,177.4,68.7,6600,SEK_III,confessionless,3,7,8,850,18,0,7,53,5,39,no,yes
168,male,30,152.7,93.9,5400,SEK_III,evangelical-reformed,2,5,5,160,62,4,4,50,5,75,no,yes
169,male,37,177.6,91.4,6300,obligatory_school,catholic,1,8,6,1240,0,3,5,61,3,76,no,yes
170,female,51,171.9,60.7,7300,apprenticeship,evangelical-reformed,1,7,6,1100,0,0,1,116,3,68,no,yes
171,female,20,160.7,67.2,4200,apprenticeship,catholic,2,5,7,50,22,5,6,47,6,68,no,yes
172,female,42,169.3,58.4,7200,apprenticeship,evangelical-reformed,3,6,6,960,31,0,4,82,6,57,no,yes
173,female,78,169.1,61.1,12300,apprenticeship,catholic,0,7,7,1220,38,4,5,51,9,96,no,no
174,male,51,164.8,68.4,8800,SEK_III,evangelical-reformed,3,6,8,1180,21,6,3,129,4,103,no,no
175,female,27,149.8,51.4,4900,SEK_III,catholic,2,9,8,750,13,0,6,93,8,59,no,yes
176,male,36,172.1,92.5,7000,SEK_III,evangelical-reformed,1,9,9,1300,0,0,6,108,3,74,yes,yes
177,female,46,166.3,75.8,8200,SEK_III,evangelical-reformed,0,6,2,930,14,3,5,68,4,70,no,yes
178,female,62,170.2,53.3,11000,SEK_III,catholic,2,6,7,1570,0,0,8,88,4,34,no,yes
179,male,59,182.1,75.9,9900,SEK_III,catholic,2,5,5,900,51,4,0,90,3,38,no,no
180,female,19,167.5,67.5,3100,SEK_III,evangelical-reformed,3,6,6,430,21,1,4,118,7,52,no,no
181,male,32,172.9,80.9,5400,SEK_III,confessionless,1,7,6,940,0,0,5,80,6,45,no,yes
182,male,31,162.3,102.9,4800,SEK_II,other,0,7,9,640,33,9,2,120,2,32,no,no
183,female,30,149.7,59.1,4800,apprenticeship,evangelical-reformed,3,7,3,680,27,4,3,85,6,78,no,yes
184,female,38,174.1,63.8,4600,apprenticeship,catholic,1,7,5,790,29,2,4,101,6,66,no,yes
185,male,43,173.8,75.4,8300,apprenticeship,evangelical-reformed,4,6,7,1040,35,3,2,78,3,76,no,yes
186,male,52,164.8,74.5,10000,SEK_III,catholic,0,7,4,720,0,4,0,97,4,45,no,no
187,female,60,156.4,73.9,11600,SEK_III,catholic,2,6,4,1020,21,0,6,85,6,98,no,yes
188,female,38,186.7,46.1,6100,SEK_III,catholic,1,7,3,840,28,3,0,86,9,71,no,yes
189,female,47,149.5,70.4,9400,apprenticeship,other,3,7,8,1350,20,4,2,64,9,57,no,no
190,female,31,142.3,46.4,3900,obligatory_school,evangelical-reformed,2,8,5,530,20,1,3,68,5,65,no,no
191,male,32,174.8,93.7,5600,SEK_III,evangelical-reformed,2,5,4,750,0,0,2,118,4,38,no,yes
192,female,47,168.9,74.3,8000,apprenticeship,catholic,2,7,4,570,37,1,6,81,6,41,no,yes
193,female,56,174.5,69.2,9600,SEK_III,confessionless,1,7,6,1240,31,0,6,96,7,62,no,yes
194,male,23,165.9,78.3,3900,SEK_III,catholic,2,8,4,140,46,8,3,69,4,69,no,no
195,female,24,164.7,49,3300,SEK_III,confessionless,2,9,5,520,19,2,2,113,7,59,no,yes
196,female,34,157.9,70.7,5000,SEK_III,confessionless,3,6,5,470,43,0,4,59,3,44,no,yes
197,female,25,173.6,72.2,7300,SEK_III,catholic,1,9,2,820,20,0,0,103,5,82,no,yes
198,female,49,173.4,70.9,10900,SEK_II,catholic,2,6,4,1290,0,0,3,122,2,45,no,yes
199,female,51,157.3,70.1,10200,apprenticeship,evangelical-reformed,2,5,2,1000,11,0,2,113,5,47,no,no
200,male,83,185.7,74.7,15100,apprenticeship,evangelical-reformed,3,7,6,1470,29,0,4,89,3,45,no,yes
201,male,45,186.6,95.3,8800,SEK_II,evangelical-reformed,2,7,5,780,60,0,7,99,5,24,no,no
202,male,44,168.6,95.2,4600,SEK_III,confessionless,2,8,7,870,38,0,6,95,2,50,no,no
203,female,66,162.2,53,11400,obligatory_school,confessionless,4,7,2,1330,22,0,4,91,6,66,no,no
204,male,60,192.9,76.3,9500,SEK_III,confessionless,2,7,9,1230,17,0,0,106,3,38,no,yes
205,female,27,169.3,65.7,2600,apprenticeship,catholic,2,7,5,370,0,8,4,115,7,51,no,yes
206,male,31,188.2,66,5900,apprenticeship,confessionless,4,7,6,880,28,4,3,100,1,47,no,yes
207,male,54,184.6,84.2,8200,obligatory_school,catholic,2,7,4,530,38,3,0,50,1,30,no,yes
208,male,37,161.1,66.7,5700,obligatory_school,evangelical-reformed,3,10,4,270,54,5,9,75,4,81,no,no
209,male,31,167.2,90.2,5900,SEK_III,evangelical-reformed,3,8,5,460,37,0,4,91,2,41,no,yes
210,male,23,172.7,89.5,7441.599064739421,apprenticeship,confessionless,2,9,2,750,33,4,5,114,4,68,no,no
211,female,24,166.7,62.6,4900,SEK_III,evangelical-reformed,2,7,7,450,34,0,0,76,3,47,no,yes
212,male,70,192.9,87.5,12200,obligatory_school,evangelical-reformed,1,5,7,1400,0,0,6,79,3,65,no,yes
213,male,60,179.1,79.2,9600,apprenticeship,evangelical-reformed,2,6,6,810,31,0,4,85,2,90,no,no
214,male,26,184.5,85.3,5300,obligatory_school,evangelical-reformed,0,6,7,720,40,7,7,71,2,44,yes,yes
215,female,30,156.4,49.7,2400,apprenticeship,confessionless,2,7,4,-10,54,4,6,60,5,62,no,yes
216,female,37,157.9,51.9,6200,apprenticeship,catholic,1,9,6,860,15,4,7,104,3,77,no,yes
217,male,41,159.8,84,8100,SEK_III,catholic,1,7,7,800,45,0,5,61,4,59,no,yes
218,female,76,183.7,79.4,11800,obligatory_school,evangelical-reformed,1,7,3,1400,18,6,3,64,6,67,no,yes
219,male,28,190.3,87.9,4100,apprenticeship,confessionless,2,6,5,230,50,0,3,102,1,57,no,no
220,female,66,159.5,50.7,11500,SEK_III,confessionless,2,7,7,1590,0,0,5,94,4,46,no,yes
221,female,27,158.8,77.5,3300,apprenticeship,catholic,2,7,3,870,0,0,6,101,8,67,no,yes
222,male,52,174.4,91.3,9200,apprenticeship,catholic,1,7,1,810,58,0,3,86,3,107,no,yes
223,male,57,165.1,85.3,8500,SEK_II,catholic,0,7,5,1020,0,5,3,99,3,85,yes,yes
224,male,31,170.5,72.5,3600,apprenticeship,confessionless,2,10,3,510,36,1,8,90,2,48,no,no
225,male,57,177.9,78.1,10600,SEK_III,confessionless,4,8,2,1070,37,3,6,93,2,46,no,no
226,female,20,170.1,65,4800,apprenticeship,catholic,2,7,1,470,9,2,4,63,2,57,no,yes
227,male,31,176.8,64.7,4100,SEK_III,catholic,2,6,7,-10,53,3,7,77,3,99,no,yes
228,female,55,157.7,63.2,11200,SEK_III,evangelical-reformed,4,7,8,1260,29,0,2,90,6,43,no,yes
229,female,67,150.2,61.7,12600,apprenticeship,muslim,0,6,6,1050,41,3,4,62,4,72,no,yes
230,male,44,184.3,83.2,6900,SEK_III,evangelical-reformed,1,7,8,640,50,5,4,55,4,97,no,yes
231,female,39,170,69.9,4900,apprenticeship,evangelical-reformed,1,6,1,420,41,2,6,97,3,49,no,no
232,male,64,184.9,67.2,11600,SEK_II,catholic,1,8,5,1170,53,4,5,108,3,68,no,yes
233,male,51,185.8,79.9,7900,SEK_III,confessionless,5,9,7,1050,30,5,2,77,4,53,no,yes
234,male,39,170.9,84.5,5600,SEK_III,catholic,1,7,2,210,48,0,4,126,1,32,no,no
235,male,31,172.3,97.1,6900,obligatory_school,evangelical-reformed,1,7,8,630,29,0,4,62,7,54,no,yes
236,male,43,177.2,80.2,5500,apprenticeship,catholic,1,7,6,450,56,2,8,84,4,13,no,yes
237,male,38,166.2,93,7500,SEK_III,confessionless,3,5,6,820,0,2,3,86,4,59,no,yes
238,male,31,174.8,99.4,4700,apprenticeship,muslim,3,5,3,340,36,0,4,88,4,49,no,yes
239,male,38,186.4,80.2,6100,SEK_III,confessionless,3,7,6,860,0,0,5,102,2,69,no,yes
240,female,31,147.2,56.6,5000,apprenticeship,confessionless,1,7,5,480,39,4,0,73,8,45,no,no
241,female,48,152,65.8,8800,SEK_III,catholic,2,7,6,1040,34,0,6,122,3,75,no,no
242,male,56,191.7,82.9,6400,SEK_III,confessionless,2,7,4,650,40,5,1,116,4,67,no,no
243,male,35,193.2,92.1,5600,SEK_III,catholic,3,6,4,200,59,6,0,54,7,57,no,no
244,male,39,184.1,69,6500,apprenticeship,confessionless,3,8,4,700,39,4,5,85,5,78,yes,no
245,male,24,180.4,96.2,6400,SEK_III,confessionless,1,6,7,630,33,0,7,101,4,81,no,yes
246,female,41,150.6,53.7,6300,obligatory_school,catholic,1,6,8,630,28,4,3,80,2,67,no,yes
247,female,53,155.3,74.3,7500,apprenticeship,other,1,6,4,390,52,3,4,61,3,33,no,yes
248,male,55,186.5,71.1,9100,apprenticeship,evangelical-reformed,2,6,6,320,77,8,5,127,3,62,no,yes
249,male,46,177.2,93.1,6900,SEK_III,catholic,2,8,7,670,34,5,1,90,3,38,no,yes
250,female,48,175.7,73.9,9700,SEK_III,other,1,10,7,1040,34,1,4,93,7,51,no,no
251,female,31,163.9,61.5,5900,SEK_III,evangelical-reformed,1,6,7,920,22,0,6,76,8,47,no,yes
252,male,57,170.6,81.4,8500,SEK_II,catholic,3,8,6,1000,14,0,5,103,3,105,no,yes
253,female,61,169.3,52.2,10000,apprenticeship,evangelical-reformed,2,6,6,800,30,3,4,155,4,77,no,no
254,male,34,182.1,107.5,7400,SEK_III,evangelical-reformed,0,7,6,650,41,4,4,112,3,87,no,yes
255,male,28,186.2,94.8,6500,apprenticeship,confessionless,3,7,5,800,48,0,3,86,2,67,no,no
256,male,55,207.7,85.4,9200,SEK_II,catholic,3,7,4,700,60,7,8,36,1,13,no,no
257,female,52,170.4,69,6500,SEK_II,catholic,3,9,6,1090,32,0,5,87,3,63,no,yes
258,female,61,150.9,75.4,7900,apprenticeship,catholic,2,8,6,840,13,0,8,74,2,92,no,no
259,female,69,158.7,69.1,12500,apprenticeship,confessionless,4,5,4,1490,19,4,4,101,3,70,no,yes
260,female,30,163.9,56.2,4500,apprenticeship,catholic,2,7,7,950,17,1,5,101,3,82,no,yes
261,male,47,169,80.6,9600,SEK_III,confessionless,2,6,7,640,36,0,6,112,3,51,no,yes
262,female,30,176.4,54.6,7100,SEK_III,confessionless,1,6,9,800,38,3,3,58,6,74,no,yes
263,female,44,150.3,58.8,7100,apprenticeship,other,2,7,3,940,16,3,4,94,3,56,no,yes
264,male,21,192.7,85.3,6600,apprenticeship,catholic,1,7,7,80,70,4,4,106,7,96,no,no
265,male,25,180.8,62.3,6200,apprenticeship,evangelical-reformed,2,7,6,760,42,0,4,104,3,95,no,no
266,male,29,180.2,89,6800,SEK_III,evangelical-reformed,0,9,4,440,48,0,2,38,4,74,no,no
267,male,44,183.4,89.3,9400,SEK_III,evangelical-reformed,2,7,7,950,42,0,4,70,3,44,no,yes
268,male,30,189.7,72.9,5000,apprenticeship,other,0,7,7,440,42,2,0,95,2,48,no,yes
269,male,51,182.3,71.6,8600,SEK_II,catholic,2,9,6,770,42,1,5,116,3,43,no,yes
270,female,83,165.2,66.4,12500,apprenticeship,confessionless,2,7,1,1850,0,0,8,94,3,34,no,yes
271,male,67,172.3,61.6,10300,apprenticeship,other,1,8,4,980,32,6,7,96,3,40,no,no
272,female,61,144.3,70.5,10000,SEK_III,evangelical-reformed,4,6,4,1090,6,2,7,85,6,70,no,yes
273,female,43,156.4,68.6,8000,SEK_II,evangelical-reformed,2,7,5,560,23,5,9,80,3,51,no,yes
274,female,42,162.9,63.7,8500,SEK_III,evangelical-reformed,2,6,4,1360,11,0,1,74,5,44,no,yes
275,male,40,158,71.7,5700,apprenticeship,confessionless,0,6,7,1090,0,0,7,29,4,59,no,yes
276,male,58,169,104.9,9600,SEK_III,confessionless,2,8,7,1110,0,1,4,82,2,79,no,yes
277,male,52,189.3,100.2,8400,obligatory_school,catholic,2,7,7,470,53,6,5,105,4,111,no,no
278,female,26,163.6,76.6,4700,apprenticeship,evangelical-reformed,0,7,3,280,26,0,6,113,8,25,no,yes
279,male,43,176.1,69.3,8500,apprenticeship,catholic,2,7,5,150,50,1,9,95,6,65,no,yes
280,female,41,155.7,62.2,7400,SEK_II,confessionless,1,8,4,710,25,4,2,101,4,57,no,yes
281,female,54,164,59.6,8800,SEK_III,evangelical-reformed,3,7,8,870,38,0,0,42,5,44,no,yes
282,male,33,164.4,74.4,4100,obligatory_school,confessionless,1,7,6,300,32,0,4,111,2,76,no,no
283,male,20,190.2,78.7,2400,SEK_III,catholic,1,8,6,30,34,0,2,82,3,49,no,yes
284,male,31,170.3,70.3,5700,SEK_III,evangelical-reformed,1,7,4,600,38,0,5,121,5,58,no,yes
285,female,41,152.9,67.8,6800,SEK_III,catholic,0,5,4,750,15,5,7,109,7,86,no,yes
286,male,37,188.8,101.6,7300,obligatory_school,confessionless,1,5,6,550,49,0,5,80,4,69,no,yes
287,female,45,166.3,50.2,7000,SEK_III,confessionless,2,8,1,1020,0,0,1,86,5,88,no,no
288,female,37,148.5,65.1,6400,obligatory_school,evangelical-reformed,1,9,7,320,39,4,3,66,3,37,no,yes
289,male,37,184.4,100.1,7100,obligatory_school,evangelical-reformed,4,6,3,780,36,3,1,76,1,96,no,no
290,female,69,180.3,68.4,14000,apprenticeship,evangelical-reformed,1,7,4,1350,16,2,0,58,4,84,no,yes
291,female,63,151.5,71.4,10100,SEK_III,confessionless,0,9,5,820,35,0,2,57,7,63,no,no
292,male,49,187.8,92,7800,apprenticeship,confessionless,2,7,7,1000,47,0,7,80,4,42,no,yes
293,male,79,192.2,82.9,12800,apprenticeship,evangelical-reformed,2,7,1,1780,0,0,6,99,3,55,no,yes
294,female,38,171.2,54.6,8000,obligatory_school,catholic,2,6,8,750,4,0,6,108,4,44,no,yes
295,female,58,171.1,67.1,10000,SEK_III,confessionless,1,7,3,1370,27,0,3,115,5,56,no,no
296,male,65,166.7,83.5,8800,apprenticeship,catholic,3,6,3,700,33,1,6,81,0,39,no,no
297,female,31,165.8,53.2,3700,SEK_II,evangelical-reformed,2,7,3,150,27,0,2,87,4,23,no,yes
298,male,66,197.3,80.3,10800,apprenticeship,evangelical-reformed,1,6,5,580,72,2,0,89,4,36,yes,yes
299,female,60,160.6,61.9,11200,apprenticeship,evangelical-reformed,2,7,4,1300,13,0,4,90,6,28,no,yes
300,male,56,193.7,87.8,9100,apprenticeship,confessionless,2,7,7,370,49,3,6,102,3,22,no,yes
301,female,81,177.2,54.1,13600,SEK_II,catholic,2,7,6,1450,16,0,2,76,5,54,no,yes
302,male,51,180.5,81.1,9300,SEK_II,evangelical-reformed,2,6,7,1230,26,0,4,78,2,74,no,no
303,female,30,165.4,67.2,5600,apprenticeship,evangelical-reformed,3,5,5,1180,6,0,2,29,1,31,no,yes
304,male,25,166.6,83.8,5000,SEK_III,other,0,6,4,830,17,4,1,94,3,69,no,yes
305,female,22,151.3,62.1,2900,apprenticeship,confessionless,3,7,3,320,4,0,4,92,0,13,no,no
306,male,27,183.9,78.4,7200,SEK_III,evangelical-reformed,1,6,5,840,19,8,2,65,2,94,no,yes
307,male,48,190.6,64.1,7300,apprenticeship,confessionless,1,6,4,1100,40,0,2,61,3,54,no,no
308,male,79,176.9,82.4,13000,apprenticeship,catholic,0,5,6,1150,29,7,5,90,3,42,no,no
309,female,45,163,66.1,7600,SEK_III,evangelical-reformed,1,8,6,920,23,7,3,105,7,104,yes,yes
310,female,31,159.7,55.5,4100,SEK_III,confessionless,0,5,1,110,33,0,3,115,1,76,no,yes
311,female,34,142,57.8,6500,apprenticeship,confessionless,3,8,7,1140,23,5,2,64,3,82,no,yes
312,female,49,181,61.4,6700,obligatory_school,confessionless,1,7,6,950,18,0,1,86,2,87,no,yes
313,female,31,161.7,63.9,4500,apprenticeship,catholic,2,7,6,180,49,0,4,49,6,38,no,yes
314,female,80,160.9,66.5,14600,SEK_III,confessionless,1,5,7,1340,26,3,9,86,6,56,no,yes
315,female,45,157.8,63.4,6800,SEK_III,evangelical-reformed,3,8,6,780,25,0,3,102,7,37,no,yes
316,male,42,184.9,83.2,6300,SEK_III,other,1,7,8,180,51,3,2,97,3,44,no,yes
317,female,68,153.9,63.8,10300,apprenticeship,evangelical-reformed,1,7,6,940,33,2,4,79,3,50,no,yes
318,male,25,178.5,88.2,3800,SEK_III,evangelical-reformed,2,5,7,-500,60,7,7,109,4,13,no,no
319,male,31,171.5,90,4700,apprenticeship,other,2,7,5,-0,56,6,5,58,3,60,no,no
320,male,52,170.4,76.9,9300,apprenticeship,evangelical-reformed,1,6,8,1060,27,0,3,71,4,58,no,yes
321,female,60,164.6,73.2,9000,SEK_II,catholic,3,6,5,710,24,0,2,69,3,18,no,yes
322,male,49,202.1,90.6,9000,apprenticeship,catholic,3,7,8,800,39,7,5,92,3,28,no,yes
323,male,55,180.1,86.4,8200,obligatory_school,confessionless,1,8,3,430,47,5,1,91,3,6,no,no
324,female,31,169.9,58.5,6800,SEK_II,catholic,2,7,4,470,32,0,3,90,7,23,no,no
325,female,52,180.7,59.6,9000,SEK_II,catholic,1,8,1,890,36,0,2,84,2,63,no,yes
326,male,41,165.4,89.9,5600,SEK_III,confessionless,1,7,7,670,32,8,6,85,2,29,no,yes
327,female,31,166.8,64.6,6400,obligatory_school,confessionless,2,8,2,1010,18,0,7,81,7,111,no,yes
328,male,75,172.2,71.9,12100,SEK_III,catholic,3,7,6,1280,52,0,0,78,3,44,no,yes
329,female,38,167.8,62.6,7000,obligatory_school,confessionless,2,9,4,610,31,0,0,68,2,60,no,no
330,male,20,160.2,94.8,2000,obligatory_school,evangelical-reformed,1,7,5,540,0,0,6,99,1,76,yes,no
331,male,58,174.3,52.6,11200,SEK_III,evangelical-reformed,2,9,5,1190,38,0,4,100,3,46,no,yes
332,female,40,166.1,59.1,5900,apprenticeship,confessionless,2,7,7,450,27,0,3,78,7,53,no,yes
333,male,59,179.3,89.5,9900,apprenticeship,confessionless,1,8,6,970,48,0,4,63,3,94,no,yes
334,female,34,166.8,65.1,4400,obligatory_school,other,1,7,3,640,28,0,4,110,6,8,no,yes
335,male,47,179.9,83,9100,SEK_II,catholic,2,7,5,700,65,4,5,86,4,49,no,yes
336,female,27,175.3,65.7,2800,obligatory_school,evangelical-reformed,2,8,4,190,15,1,1,73,7,48,no,yes
337,female,68,182,50,10200,obligatory_school,evangelical-reformed,2,7,8,1230,0,0,3,102,3,72,no,no
338,male,27,195.6,84,5600,SEK_III,confessionless,2,6,3,590,53,9,4,82,3,104,no,yes
339,male,43,187.2,87.6,6300,apprenticeship,catholic,2,7,5,760,0,0,3,85,4,47,no,no
340,female,53,173.7,76.4,9000,SEK_III,catholic,1,8,7,900,28,0,1,116,2,15,no,yes
341,male,24,181.2,90.4,2300,SEK_III,catholic,2,10,5,250,61,0,7,103,3,59,no,no
342,male,58,181.8,76.2,9200,SEK_III,catholic,3,10,3,990,35,0,0,76,3,59,no,yes
343,male,35,166.3,87.2,7600,SEK_III,confessionless,2,7,2,570,15,0,6,69,6,83,no,yes
344,male,64,179.2,98.2,9800,SEK_III,catholic,1,7,6,1030,39,5,5,95,5,46,no,yes
345,male,50,183.7,85.3,7900,SEK_III,catholic,1,8,7,1040,16,2,6,102,2,111,no,yes
346,male,34,149.9,86,5900,SEK_II,evangelical-reformed,2,6,5,620,20,8,1,103,3,49,no,yes
347,male,38,202.4,78.7,6600,obligatory_school,catholic,0,6,4,1070,30,0,2,102,4,57,no,no
348,female,35,164.6,76.1,4900,SEK_II,confessionless,2,5,2,490,30,0,5,73,8,70,no,no
349,female,31,156.5,73,6300,apprenticeship,evangelical-reformed,2,8,5,930,32,2,1,99,7,43,no,no
350,female,61,167.7,64.4,11400,apprenticeship,evangelical-reformed,2,8,5,1610,14,0,4,87,3,58,no,yes
351,male,55,190.1,84.7,9900,apprenticeship,catholic,2,10,2,710,39,0,3,98,4,55,no,no
352,male,53,166.7,84.7,10600,SEK_III,evangelical-reformed,2,7,3,860,61,6,3,51,3,82,no,yes
353,male,49,191.2,79.6,8500,apprenticeship,confessionless,2,5,6,240,50,8,4,84,3,19,no,no
354,male,42,193.5,85.7,6700,SEK_III,confessionless,2,7,5,750,0,0,5,85,5,91,no,yes
355,male,57,185,87.1,8700,SEK_III,catholic,3,7,7,780,54,3,8,113,3,60,no,yes
356,female,44,160.4,63.3,7000,apprenticeship,catholic,2,9,3,1160,0,6,5,107,7,43,no,no
357,male,59,176,83.9,11700,obligatory_school,catholic,2,6,5,1090,54,4,3,89,4,84,no,no
358,female,24,153.4,64,5100,apprenticeship,evangelical-reformed,3,7,3,770,0,0,1,95,3,40,no,yes
359,male,30,196,85.1,6100,SEK_III,evangelical-reformed,3,6,7,810,31,0,2,71,4,33,no,no
360,female,29,154.4,64.6,5100,apprenticeship,muslim,2,5,8,700,9,3,3,55,5,62,no,yes
361,female,65,171.4,69.6,9900,apprenticeship,other,0,7,2,750,18,0,2,117,2,50,no,yes
362,female,46,158.6,60,6900,obligatory_school,catholic,2,7,6,700,33,0,2,111,4,97,no,yes
363,female,31,171,62.9,4000,apprenticeship,evangelical-reformed,2,8,8,480,31,1,0,93,6,66,no,yes
364,female,77,177.7,73.7,11600,SEK_III,evangelical-reformed,2,8,7,1350,0,0,6,86,5,22,no,yes
365,female,67,173,64.4,10300,SEK_III,confessionless,1,7,4,990,33,3,2,68,8,70,no,yes
366,female,56,156.3,69.7,8800,apprenticeship,confessionless,1,7,9,960,41,0,3,94,5,53,no,yes
367,female,47,156.6,72.7,8400,apprenticeship,catholic,0,7,7,1160,0,0,6,76,6,50,no,no
368,female,69,164.2,64.7,10700,apprenticeship,catholic,1,8,5,690,36,4,6,83,1,58,no,no
369,female,47,155.2,61.5,6700,obligatory_school,catholic,3,6,5,1070,0,0,5,88,5,73,no,no
370,male,38,192.8,69.4,5600,apprenticeship,muslim,3,8,6,800,40,5,4,94,4,62,no,yes
371,male,27,187.9,89.2,6800,SEK_II,catholic,4,7,3,840,21,0,9,86,3,66,no,yes
372,female,31,159.4,59.1,5500,SEK_II,other,1,8,3,1150,12,0,6,74,6,112,no,no
373,female,28,147.7,71.1,2800,SEK_II,confessionless,2,6,6,210,31,5,8,37,3,66,no,yes
374,male,89,166.8,78.5,15000,SEK_III,other,3,7,5,1950,27,4,5,118,3,79,no,no
375,male,44,164.9,76.1,7200,apprenticeship,muslim,2,7,4,640,47,0,4,72,2,28,no,yes
376,female,90,168.1,70.8,14300,apprenticeship,catholic,0,10,5,2060,0,7,6,73,6,71,no,no
377,female,49,169.5,75.9,8100,SEK_III,catholic,3,8,8,810,38,11,4,111,4,51,no,yes
378,male,20,157.8,69.5,3800,apprenticeship,other,1,7,3,20,54,1,5,99,1,65,no,yes
379,female,37,148.2,65.1,7700,apprenticeship,confessionless,0,9,4,1080,11,0,0,91,7,61,no,yes
380,female,31,162.8,59.3,3200,obligatory_school,confessionless,2,8,6,150,25,7,5,68,7,105,no,yes
381,female,38,160.4,61.7,7800,SEK_III,evangelical-reformed,4,8,4,1150,0,0,2,91,5,33,no,no
382,female,49,181.1,69.9,7600,apprenticeship,catholic,3,7,4,1050,0,5,5,75,6,83,no,yes
383,female,73,158.5,78.5,13000,SEK_III,catholic,2,8,4,1630,25,0,2,115,4,75,no,no
384,male,23,162.1,92,4400,SEK_III,evangelical-reformed,1,8,4,860,29,7,13,99,3,61,no,yes
385,male,69,177.2,86.7,10600,apprenticeship,catholic,2,7,5,1230,0,0,0,81,4,19,no,no
386,female,49,165.5,64,8800,SEK_III,confessionless,3,7,5,1250,29,1,6,102,3,62,no,yes
387,female,31,164.6,71.9,4400,SEK_III,evangelical-reformed,1,7,2,300,20,0,2,61,2,71,no,yes
388,female,71,157.4,80,12500,obligatory_school,confessionless,0,7,7,1630,0,0,6,74,4,61,no,no
389,female,35,161.3,63.8,6000,obligatory_school,evangelical-reformed,3,8,5,730,21,1,1,82,2,68,no,yes
390,male,50,196,85.1,6400,apprenticeship,catholic,3,7,5,370,56,0,0,80,2,75,no,no
391,female,31,165.5,52.2,5800,apprenticeship,catholic,2,7,6,500,36,0,6,106,1,50,no,yes
392,male,34,184.9,84.7,5500,SEK_III,confessionless,1,9,6,850,0,4,4,114,3,44,yes,no
393,female,58,152.7,65.2,9100,SEK_III,confessionless,1,6,6,740,35,3,3,85,4,22,no,yes
394,male,47,168.9,81.4,7600,apprenticeship,confessionless,2,7,2,570,53,0,0,99,3,80,yes,yes
395,female,54,182.5,70.4,6600,SEK_III,confessionless,2,5,3,700,32,0,3,87,5,14,no,yes
396,male,66,183.3,84.7,9200,apprenticeship,catholic,1,6,6,1120,15,2,10,91,2,55,no,yes
397,female,31,175,54.7,4300,SEK_II,evangelical-reformed,2,7,9,1040,0,0,5,97,6,79,no,yes
398,female,55,170.6,67.5,10700,SEK_III,catholic,1,7,3,590,47,0,0,76,4,45,no,no
399,male,31,176.2,104,5500,apprenticeship,confessionless,1,10,9,1030,31,6,3,128,2,51,no,yes
400,female,63,162.3,58.6,10200,obligatory_school,catholic,1,6,6,920,13,4,6,108,6,51,no,yes
401,male,66,184.5,102.5,11800,apprenticeship,catholic,0,10,3,1510,0,0,7,54,3,17,no,yes
402,female,73,154.9,71.6,12100,apprenticeship,catholic,3,8,7,1340,28,4,8,105,3,48,no,yes
403,female,32,161.9,59.6,7200,SEK_III,evangelical-reformed,1,7,4,560,26,0,4,102,9,59,no,yes
404,female,47,174.6,66.6,7300,SEK_III,confessionless,0,6,8,960,0,2,3,84,2,31,no,yes
405,female,37,155,65.3,5600,SEK_II,catholic,2,8,9,650,15,7,4,108,8,56,no,no
406,male,44,167.4,87.7,7600,SEK_III,confessionless,1,8,7,1120,27,0,4,79,5,88,no,no
407,male,48,200.4,78.9,8600,apprenticeship,catholic,1,7,6,1260,27,6,4,99,3,37,no,no
408,female,50,169.8,72.6,8300,SEK_III,evangelical-reformed,2,6,6,950,21,8,2,90,6,89,no,yes
409,male,31,182.5,85.3,5700,SEK_III,confessionless,3,7,7,970,0,0,1,84,3,34,no,yes
410,female,34,171.8,60.9,7200,apprenticeship,evangelical-reformed,1,7,3,980,18,0,5,83,3,38,no,yes
411,male,41,180.2,83.6,7100,SEK_III,confessionless,1,7,6,1020,33,0,3,101,3,97,no,yes
412,male,31,162.6,75.2,6200,apprenticeship,confessionless,1,5,3,770,0,0,2,88,3,91,no,yes
413,female,59,163.3,76.7,7200,SEK_II,confessionless,4,8,4,640,37,2,4,101,4,51,no,no
414,male,31,178.3,85.1,4000,SEK_II,evangelical-reformed,1,9,7,850,0,3,3,85,3,65,no,yes
415,male,55,176.7,73,9300,obligatory_school,evangelical-reformed,2,9,4,1330,0,0,4,56,1,78,no,no
416,female,51,166.3,65.2,7600,SEK_III,confessionless,2,9,6,1170,0,0,6,114,2,51,no,yes
417,male,37,167.3,77.1,7100,obligatory_school,confessionless,4,7,5,210,48,0,3,90,4,58,no,no
418,male,62,167.2,73.7,12100,apprenticeship,confessionless,1,7,6,1050,18,0,2,100,3,78,no,no
419,male,29,190.3,76.1,4600,SEK_III,evangelical-reformed,2,9,4,630,44,4,6,41,4,98,no,no
420,female,68,156.1,66.2,11200,SEK_II,confessionless,1,7,7,1080,15,7,4,82,6,26,no,yes
421,female,66,157.6,61.8,9000,apprenticeship,evangelical-reformed,1,7,3,1260,25,7,0,91,2,89,no,no
422,female,31,171.7,69.7,6700,SEK_II,confessionless,2,7,7,1030,21,5,2,50,2,65,no,no
423,female,40,180.3,70.3,7400,apprenticeship,confessionless,0,7,4,890,25,0,2,71,4,59,no,yes
424,male,31,194.8,104.1,5700,obligatory_school,evangelical-reformed,1,6,7,380,39,0,2,85,4,62,no,no
425,female,48,172.3,48.6,10200,apprenticeship,catholic,2,7,4,1420,0,4,3,91,5,46,no,no
426,female,31,170.7,76.3,4100,SEK_II,confessionless,2,7,4,450,25,0,3,107,4,57,no,no
427,female,37,146.8,60.9,7600,apprenticeship,confessionless,2,8,7,930,29,0,4,89,6,69,no,yes
428,female,31,167.3,65.4,5100,SEK_III,confessionless,1,7,7,290,41,0,10,50,6,27,no,no
429,female,42,151.7,67.8,5900,SEK_III,confessionless,2,6,5,670,29,0,6,108,6,74,no,yes
430,male,50,179.6,67.4,7200,apprenticeship,catholic,3,8,3,810,35,0,4,128,4,74,no,no
431,male,24,181.8,91.6,3400,SEK_III,confessionless,1,7,3,230,36,4,6,72,3,4,no,yes
432,male,29,181.9,104,5600,obligatory_school,confessionless,1,7,5,230,50,4,5,91,2,22,no,no
433,female,79,158.5,71.3,12800,SEK_III,other,2,7,4,1330,26,2,7,70,6,56,no,yes
434,male,42,174.6,80.1,8500,apprenticeship,catholic,2,7,7,700,27,0,4,81,3,72,no,yes
435,female,80,145.6,64.8,11400,SEK_III,confessionless,2,7,3,1210,0,3,8,79,9,55,no,yes
436,male,23,169.2,86.8,2100,apprenticeship,evangelical-reformed,0,7,4,370,32,0,5,55,5,0,no,no
437,female,89,150.5,58.7,13400,SEK_III,catholic,2,7,3,1630,20,0,0,103,5,66,no,no
438,male,31,182.8,80.3,6400,apprenticeship,catholic,3,5,5,670,41,0,4,100,3,46,no,yes
439,female,52,150.3,76.4,8300,SEK_II,catholic,2,7,1,1000,19,4,3,93,6,86,no,yes
440,male,33,173.7,71.4,4100,SEK_III,catholic,2,7,7,120,64,0,2,61,2,65,no,yes
441,female,49,144.4,59.2,7600,apprenticeship,confessionless,3,6,4,850,32,0,7,105,5,99,no,no
442,male,24,175.5,96.4,3300,apprenticeship,catholic,2,7,5,280,52,6,2,143,2,31,no,yes
443,male,20,179.7,70.3,2000,apprenticeship,catholic,2,6,7,510,13,10,1,118,1,55,no,no
444,male,24,174.5,72.5,4900,obligatory_school,evangelical-reformed,3,7,5,330,40,0,3,77,5,95,no,no
445,female,37,151.8,56.6,9600,SEK_III,other,2,7,5,1200,28,5,5,82,5,72,no,no
446,male,31,162.7,76.7,6800,SEK_III,muslim,1,7,5,890,13,0,5,59,4,36,no,yes
447,male,44,190.5,90.3,6600,obligatory_school,catholic,0,7,7,1160,0,5,7,104,1,61,no,no
448,female,36,171.2,53.3,7800,apprenticeship,catholic,2,6,6,640,20,0,7,35,2,97,no,yes
449,male,34,179.6,99.7,5700,apprenticeship,catholic,2,7,9,170,45,0,2,112,2,20,no,no
450,female,55,181.2,72.3,8700,SEK_III,catholic,3,8,7,970,20,0,6,67,6,68,no,yes
451,female,36,176.5,64,6800,obligatory_school,other,3,7,5,620,27,5,0,114,8,72,no,yes
452,male,29,171.4,82.4,4600,apprenticeship,catholic,3,7,8,490,53,0,6,104,3,69,no,yes
453,female,48,165.3,71.8,7500,SEK_III,evangelical-reformed,2,6,7,1000,26,4,9,67,5,65,no,no
454,male,71,181.4,87.4,11700,SEK_III,confessionless,1,5,10,1000,45,4,8,80,1,84,no,no
455,male,39,182.8,85.9,6000,SEK_III,confessionless,1,7,8,410,59,7,4,92,3,61,no,no
456,male,94,197.9,78.3,15100,apprenticeship,catholic,3,7,5,1000,51,3,0,89,3,58,no,no
457,male,64,163.1,68.6,10600,apprenticeship,confessionless,0,7,6,920,45,0,5,72,2,107,no,no
458,male,44,189.8,72.1,7500,SEK_III,evangelical-reformed,1,6,6,350,53,0,8,51,3,45,no,yes
459,female,73,161.7,68.1,8300,obligatory_school,evangelical-reformed,3,10,5,1050,20,8,4,88,5,73,no,yes
460,male,18,208.4,80.1,4300,SEK_III,catholic,2,7,3,320,48,0,3,125,3,36,no,yes
461,female,56,159.5,67.1,11500,SEK_III,confessionless,2,6,5,1260,12,0,7,51,8,38,no,yes
462,female,67,172,64.4,9300,apprenticeship,catholic,2,7,2,950,28,5,3,84,2,75,no,yes
463,male,31,185.1,83.3,6000,obligatory_school,confessionless,2,7,7,190,55,0,0,71,7,55,no,yes
464,male,31,171.3,77,5200,obligatory_school,muslim,1,6,8,350,27,5,0,90,4,20,no,yes
465,male,31,188.8,98.7,6300,SEK_III,confessionless,1,7,6,480,40,3,3,98,2,70,no,no
466,female,24,152.6,58.6,6800,obligatory_school,catholic,2,5,2,890,0,0,5,98,7,68,yes,no
467,male,51,178,88.6,10600,SEK_III,catholic,2,5,6,440,55,0,0,69,5,50,no,yes
468,female,35,147.4,63.6,6300,SEK_III,evangelical-reformed,2,7,6,830,21,0,1,93,6,70,no,yes
469,female,62,168.9,59.1,11300,SEK_III,catholic,2,8,2,1090,23,4,5,111,5,65,no,yes
470,male,71,151.6,83.3,12000,SEK_III,evangelical-reformed,2,8,5,1160,38,4,11,92,1,97,no,no
471,female,43,140.6,48.7,8800,apprenticeship,catholic,2,7,5,1370,41,0,3,89,3,58,no,yes
472,male,52,174.3,93.5,5900,obligatory_school,catholic,1,8,2,510,59,0,0,59,2,101,no,no
473,female,52,152.3,58,10000,apprenticeship,muslim,4,6,4,1470,0,0,2,100,4,72,no,no
474,male,31,194.4,68,7400,SEK_III,confessionless,3,7,3,800,40,0,6,56,3,67,no,no
475,male,77,177.9,82.5,11000,SEK_III,evangelical-reformed,2,7,9,940,24,6,3,85,0,52,no,yes
476,female,31,158.6,69.7,6800,apprenticeship,catholic,1,5,4,720,20,0,2,123,3,55,no,yes
477,female,31,170.1,67.2,5200,SEK_III,muslim,2,7,4,750,37,0,3,77,1,55,no,no
478,female,47,168.7,61.7,8500,apprenticeship,evangelical-reformed,2,8,3,680,19,0,8,75,6,70,no,yes
479,female,73,162.3,66.5,10400,SEK_III,catholic,2,6,6,1460,0,4,5,85,4,79,no,yes
480,male,37,175.2,74.2,7000,SEK_III,catholic,4,7,4,820,31,0,7,66,1,50,no,no
481,male,31,186.5,74.3,6800,apprenticeship,catholic,2,8,3,620,36,0,5,89,4,82,no,yes
482,male,88,166.1,86,14500,apprenticeship,confessionless,0,9,8,1820,31,0,5,105,1,47,no,yes
483,female,75,162.3,66.9,11700,apprenticeship,confessionless,2,7,7,1130,23,2,0,113,4,70,yes,no
484,female,81,171.4,70.6,14000,apprenticeship,catholic,2,6,4,1780,19,0,3,49,6,61,no,yes
485,male,47,159.8,89.1,7700,apprenticeship,evangelical-reformed,3,9,6,570,45,0,2,58,2,48,no,no
486,female,28,169.7,59.8,7300,SEK_III,confessionless,1,8,3,870,22,0,7,84,6,65,no,yes
487,female,28,157.2,53.7,7200,SEK_III,confessionless,2,8,8,1390,0,0,2,97,6,105,no,yes
488,male,48,185.4,87.3,5900,apprenticeship,catholic,1,6,9,620,12,0,4,84,2,61,no,no
489,female,54,160.5,65.9,10200,SEK_III,confessionless,1,5,5,700,40,0,8,81,8,67,no,yes
490,male,31,185.2,97,4800,apprenticeship,confessionless,2,7,3,630,33,0,4,74,2,59,no,yes
491,male,47,165.5,72.3,8700,obligatory_school,muslim,2,7,6,1190,22,0,4,113,2,84,no,no
492,male,31,173,102,4400,apprenticeship,confessionless,3,7,8,700,16,1,1,87,7,16,no,yes
493,female,31,155.4,60.1,4900,apprenticeship,catholic,3,7,1,610,24,0,0,77,6,84,no,yes
494,male,21,168.9,102.2,2200,apprenticeship,catholic,4,5,2,510,36,0,5,144,2,48,no,yes
495,female,51,168.8,57.4,9100,apprenticeship,catholic,2,6,5,980,31,0,4,83,3,49,no,yes
496,male,74,165.1,57,10300,SEK_III,catholic,0,7,7,1620,0,0,6,76,6,36,no,yes
497,female,21,159.8,57.3,2800,apprenticeship,confessionless,2,7,7,320,26,0,6,87,5,96,no,yes
498,male,31,193.2,63.1,4800,apprenticeship,confessionless,2,9,5,350,48,5,3,124,4,68,no,yes
499,female,43,162.3,55.3,8100,SEK_II,evangelical-reformed,1,7,7,790,46,0,2,87,5,74,no,yes
500,female,30,157.5,69.2,5800,SEK_III,muslim,2,7,2,470,41,0,1,87,3,63,no,yes
501,female,34,172.6,63.3,5600,apprenticeship,other,4,9,5,910,39,0,5,70,9,34,no,yes
502,female,31,168.3,58.2,5000,apprenticeship,catholic,3,7,5,270,14,0,2,124,4,61,no,no
503,female,57,164.7,60.5,10100,obligatory_school,muslim,1,7,1,890,21,0,2,118,3,41,no,no
504,male,36,179.6,82.5,5900,obligatory_school,catholic,3,7,6,490,58,3,2,70,4,86,no,yes
505,female,46,163.5,86.5,7700,SEK_II,catholic,2,6,3,880,24,4,3,120,6,46,no,yes
506,male,31,174.2,97.4,6100,apprenticeship,catholic,2,8,5,270,36,3,7,96,3,14,no,yes
507,male,44,158.9,80,7100,SEK_III,muslim,1,7,5,740,28,8,3,106,3,97,no,no
508,male,31,199.5,70.7,5000,SEK_III,evangelical-reformed,1,9,5,410,62,0,8,70,3,54,no,yes
509,male,46,189.8,99.4,8600,SEK_III,confessionless,2,10,7,1250,38,0,5,89,3,16,no,no
510,female,62,143.9,75.4,10400,apprenticeship,confessionless,1,7,5,1620,34,4,4,71,3,63,no,yes
511,male,53,178.4,70.2,8300,apprenticeship,confessionless,2,6,7,1110,0,0,4,84,2,36,no,yes
512,female,25,152.1,69.6,4000,obligatory_school,evangelical-reformed,1,6,6,700,13,3,1,88,3,43,no,yes
513,male,31,183.9,94,5200,SEK_III,evangelical-reformed,0,6,3,500,23,4,4,68,3,54,no,no
514,female,42,177.3,59.8,3600,apprenticeship,catholic,3,6,2,630,13,1,7,76,7,82,no,yes
515,male,21,181.6,91.4,4400,obligatory_school,catholic,2,6,4,340,46,0,8,90,4,51,no,yes
516,male,57,185.4,89.9,10100,apprenticeship,catholic,2,7,6,1460,0,7,4,95,1,38,no,yes
517,female,33,176.6,63.1,6800,apprenticeship,evangelical-reformed,4,9,7,1030,0,0,1,89,5,89,no,yes
518,male,34,166.6,69.1,4000,apprenticeship,muslim,1,7,4,390,36,0,7,62,2,59,no,yes
519,male,31,195.3,71.5,6000,SEK_III,catholic,3,6,6,780,0,0,6,94,3,52,no,yes
520,female,60,166.6,69.5,11200,apprenticeship,catholic,1,7,8,1190,25,4,3,60,4,52,no,no
521,male,38,187,62.2,8000,apprenticeship,catholic,3,7,8,490,53,0,8,98,4,104,no,yes
522,female,51,167.3,66.8,8400,SEK_III,confessionless,3,8,7,1030,37,6,3,106,7,53,no,no
523,male,32,185.5,67,6100,apprenticeship,confessionless,3,7,5,1120,0,0,7,64,4,82,no,yes
524,male,54,187.7,56.9,7800,obligatory_school,catholic,1,6,5,520,59,0,2,106,4,90,no,no
525,female,18,163.1,58.7,4000,SEK_III,catholic,1,7,6,420,21,0,4,95,8,64,no,yes
526,female,51,175.7,57.1,10100,apprenticeship,catholic,1,7,4,1360,19,0,6,122,4,68,no,no
527,male,76,162.2,87.5,13600,SEK_III,confessionless,2,6,7,1460,31,7,0,60,4,85,no,no
528,male,21,171.9,79.1,3100,apprenticeship,catholic,0,6,4,160,38,7,2,80,2,73,no,no
529,male,28,189.5,84.9,5300,SEK_II,catholic,3,8,6,480,53,12,4,67,5,37,no,yes
530,male,57,178.4,116.4,9300,SEK_III,confessionless,3,8,5,1150,39,0,7,109,5,75,no,no
531,male,61,191,82.4,8600,obligatory_school,catholic,2,6,5,380,32,4,4,45,3,77,no,yes
532,female,33,169.1,61.6,5300,SEK_II,catholic,3,7,6,560,41,0,4,100,1,48,no,yes
533,male,31,195.1,91.7,5900,SEK_III,catholic,1,6,7,300,47,3,4,93,4,98,no,no
534,male,46,198.9,76.4,8700,SEK_III,other,2,7,5,750,22,8,6,97,2,71,no,yes
535,male,48,186.6,80.3,8300,apprenticeship,other,3,7,5,900,41,0,1,95,4,91,no,no
536,female,48,175,67.1,6400,SEK_III,catholic,2,5,3,240,19,0,5,94,8,56,no,yes
537,male,22,189.7,93.8,2300,SEK_III,other,1,6,4,-100,39,0,5,89,3,77,no,no
538,female,34,183.9,42.3,4800,obligatory_school,muslim,2,7,5,540,39,0,5,72,6,70,no,no
539,female,72,153.2,54.3,12300,SEK_III,catholic,1,7,6,1440,36,3,2,90,6,39,no,yes
540,male,55,173,107.9,9300,apprenticeship,catholic,2,8,6,670,57,0,4,99,3,90,no,yes
541,female,56,160.1,72.4,8800,SEK_III,confessionless,1,9,6,890,28,0,5,77,4,85,no,yes
542,male,53,192.9,83.8,8900,apprenticeship,evangelical-reformed,2,8,4,910,47,0,0,86,3,86,no,no
543,male,37,186.7,84.7,6100,SEK_III,confessionless,1,10,6,650,54,6,7,99,3,82,no,yes
544,male,52,170.8,96,8500,SEK_III,evangelical-reformed,3,7,7,810,54,0,4,78,3,50,no,yes
545,male,38,185.2,81.5,4300,SEK_III,confessionless,0,5,3,760,0,6,6,74,2,112,no,no
546,male,36,171.6,84.1,6100,SEK_III,confessionless,0,7,7,180,34,4,6,70,2,54,no,yes
547,female,23,160.7,74.8,4600,SEK_II,confessionless,1,5,5,280,31,0,2,95,9,48,no,no
548,female,26,164.1,65.5,5100,SEK_III,confessionless,3,8,5,780,34,0,1,77,5,71,no,yes
549,male,56,167,63.7,7800,SEK_III,confessionless,2,6,5,1010,35,0,0,88,1,29,no,yes
550,female,48,170,57.7,7500,SEK_III,evangelical-reformed,2,7,4,840,21,0,4,123,2,74,no,yes
551,female,21,171.7,72.8,2200,SEK_II,other,1,7,9,210,36,0,4,94,3,60,no,yes
552,male,36,168.2,91,6800,apprenticeship,catholic,0,7,5,400,43,5,5,80,2,30,no,yes
553,female,51,159,61.6,9000,apprenticeship,catholic,3,5,4,960,46,0,1,111,5,31,no,no
554,male,55,180.6,89,10200,apprenticeship,other,2,7,5,1500,0,2,0,58,4,17,no,yes
555,female,35,159.9,71.2,6900,SEK_III,evangelical-reformed,1,7,3,1170,13,0,1,61,3,54,no,no
556,male,52,181.1,80.7,7800,obligatory_school,confessionless,2,6,4,620,75,0,1,109,1,87,no,no
557,male,52,182.4,98.9,9400,SEK_III,catholic,1,7,6,1260,0,0,5,89,5,93,no,yes
558,female,40,176.5,68.9,6000,apprenticeship,evangelical-reformed,0,7,4,690,5,0,7,73,4,106,no,yes
559,female,68,172.2,53.4,12200,apprenticeship,confessionless,0,8,7,1490,9,5,5,92,6,63,no,yes
560,male,64,192.5,100.6,10600,apprenticeship,confessionless,2,7,3,770,54,6,6,112,1,105,no,yes
561,male,33,181.3,78.3,10000,apprenticeship,catholic,3,7,6,820,44,1,7,77,2,68,no,yes
562,female,67,168.7,63.4,10300,obligatory_school,catholic,1,5,3,930,29,0,7,115,7,81,no,no
563,male,32,188.6,81.3,5500,SEK_III,evangelical-reformed,3,7,4,690,47,7,3,125,4,88,no,no
564,female,31,169.3,65.1,3700,obligatory_school,evangelical-reformed,3,6,4,330,27,5,4,76,6,59,no,yes
565,female,24,161.4,60.4,5800,apprenticeship,evangelical-reformed,2,5,7,1090,13,0,4,106,4,54,no,yes
566,male,51,161,91.1,5100,apprenticeship,catholic,2,9,4,930,0,0,5,92,1,32,no,yes
567,male,44,195.9,67.2,7000,SEK_III,evangelical-reformed,1,8,5,610,37,0,8,96,3,89,no,yes
568,female,44,154,60,6700,SEK_III,other,3,7,7,810,18,3,3,49,9,53,no,yes
569,male,48,193.1,109.6,6700,SEK_II,catholic,1,7,3,810,45,3,4,104,5,47,no,yes
570,male,85,177.6,81.3,15700,SEK_III,confessionless,1,6,4,1410,34,0,4,112,4,29,no,yes
571,male,57,177.7,91.4,6900,SEK_III,confessionless,2,7,5,770,29,0,4,147,4,62,no,no
572,female,75,158.3,76.7,13000,SEK_III,evangelical-reformed,0,7,7,1400,31,6,1,85,6,34,no,yes
573,male,65,184.3,81.8,8100,SEK_III,catholic,1,7,7,240,54,0,8,105,3,86,no,yes
574,male,50,182.7,75.8,9400,SEK_III,evangelical-reformed,0,7,5,460,49,0,5,61,4,69,no,yes
575,female,75,158.1,47.4,13200,apprenticeship,evangelical-reformed,4,7,5,1530,25,0,6,63,6,45,no,yes
576,female,32,158.6,57.5,2500,apprenticeship,evangelical-reformed,2,6,9,850,9,0,3,64,6,68,no,no
577,female,39,165.9,68.1,5400,obligatory_school,catholic,3,7,6,530,46,6,3,115,6,52,no,no
578,male,79,182.8,78.2,12800,SEK_III,evangelical-reformed,4,7,5,910,51,4,3,54,7,28,no,yes
579,female,75,170.8,60.1,12500,apprenticeship,evangelical-reformed,3,9,7,1670,13,0,5,58,5,58,yes,no
580,female,62,175,66.9,10400,SEK_III,confessionless,1,8,4,1290,17,5,7,100,5,51,no,yes
581,female,31,164.4,66.8,5400,apprenticeship,evangelical-reformed,3,7,6,920,25,0,9,69,4,61,no,yes
582,female,59,155.3,58.5,8600,obligatory_school,catholic,1,7,4,890,35,0,3,78,3,58,no,yes
583,male,54,192.7,79.2,7200,SEK_III,muslim,0,7,4,830,36,6,6,90,4,32,no,no
584,female,42,176.1,62.1,7800,obligatory_school,confessionless,1,5,5,1110,34,0,8,64,3,92,no,no
585,female,69,181.9,44.5,9500,SEK_III,confessionless,0,10,5,1280,13,4,1,105,5,62,no,no
586,male,40,189.4,87,6900,SEK_III,catholic,2,7,8,1030,40,0,5,99,4,78,no,yes
587,male,28,186.2,86.5,4500,SEK_III,evangelical-reformed,2,7,3,210,67,0,4,90,0,42,no,yes
588,male,23,174.8,88.4,4700,apprenticeship,evangelical-reformed,3,7,2,1130,0,0,5,89,4,67,no,yes
589,female,53,162.6,57.6,8300,apprenticeship,catholic,3,7,2,1160,25,0,2,96,5,65,no,no
590,female,52,182.9,65.5,9500,apprenticeship,evangelical-reformed,2,6,9,890,36,3,7,62,3,51,no,yes
591,female,31,159.8,63.4,7000,SEK_III,catholic,2,6,6,1140,0,1,2,67,2,102,no,yes
592,male,34,184.5,77,7000,SEK_III,confessionless,1,8,7,1370,0,3,1,112,4,66,no,yes
593,female,48,144.1,64.3,9800,apprenticeship,confessionless,2,7,6,1170,29,6,4,82,4,96,no,yes
594,male,41,197.2,66.8,8600,SEK_III,confessionless,2,7,5,1360,0,1,7,105,2,52,no,yes
595,female,32,164.4,62.2,4600,SEK_III,catholic,2,9,5,680,27,1,6,79,3,64,no,yes
596,female,31,168.5,50.2,4600,apprenticeship,confessionless,3,8,6,320,25,2,7,72,3,61,no,no
597,male,31,185.9,66.3,6900,obligatory_school,evangelical-reformed,2,7,6,220,58,2,4,96,4,62,no,yes
598,female,61,154.1,71.4,8900,obligatory_school,catholic,3,9,9,1140,21,0,1,101,7,67,no,yes
599,male,45,191.5,99.9,6100,SEK_III,catholic,1,7,8,410,60,8,0,97,6,93,no,yes
600,female,36,190.6,50.7,5200,SEK_III,confessionless,2,7,9,1020,16,2,2,98,4,71,no,no
601,female,28,161.2,54.3,6400,obligatory_school,confessionless,1,6,1,790,36,1,7,88,6,65,no,no
602,male,62,196.2,88.5,8600,SEK_III,confessionless,2,6,5,370,71,0,6,106,3,63,yes,no
603,female,63,168.8,56.6,11100,apprenticeship,evangelical-reformed,2,6,8,940,27,0,3,93,3,60,no,no
604,female,47,140.3,57.1,7300,apprenticeship,confessionless,2,7,4,970,20,7,2,117,3,70,no,no
605,female,50,160.7,64.9,8300,obligatory_school,evangelical-reformed,0,7,3,910,28,3,7,88,2,77,no,no
606,male,27,206.1,71.5,5800,SEK_III,confessionless,2,7,7,500,19,0,9,76,2,76,no,no
607,female,31,146.2,66,4300,SEK_III,confessionless,1,8,7,730,0,2,7,94,6,64,no,yes
608,female,38,160.5,61.8,6400,SEK_II,catholic,2,5,3,1210,0,0,5,71,3,59,no,yes
609,male,47,175.4,73.1,9300,SEK_III,evangelical-reformed,2,7,5,940,59,0,0,56,2,56,no,yes
610,female,52,169.1,64.8,9300,apprenticeship,evangelical-reformed,1,7,8,1250,19,6,2,100,3,24,no,yes
611,male,31,169.6,74.1,4000,apprenticeship,confessionless,4,7,4,330,53,2,3,116,5,52,no,yes
612,male,53,160.9,96.2,8100,apprenticeship,evangelical-reformed,2,6,5,910,39,3,6,102,7,39,no,no
613,female,31,162.5,68,4000,SEK_III,confessionless,3,7,6,750,35,0,8,112,3,70,no,no
614,male,69,169.9,83.9,9700,SEK_III,confessionless,0,7,5,1410,16,0,0,77,3,29,no,no
615,female,24,146.7,64.3,3500,SEK_II,evangelical-reformed,2,9,8,260,21,0,6,104,4,67,no,yes
616,female,31,142.2,63.9,5600,apprenticeship,catholic,3,8,2,990,14,6,4,44,2,48,no,yes
617,male,53,177.5,81.3,9500,SEK_III,catholic,1,6,8,1220,0,0,4,105,2,60,no,yes
618,male,53,160.3,88.5,7100,SEK_III,evangelical-reformed,2,7,7,190,28,0,0,52,3,77,no,yes
619,female,31,169.7,64.3,5000,SEK_III,catholic,1,6,7,940,19,5,0,94,4,34,no,yes
620,female,53,140.6,73.7,8800,apprenticeship,catholic,3,6,6,970,18,0,9,77,4,58,no,no
621,male,31,195.4,95.5,3100,SEK_III,catholic,1,10,7,190,47,4,2,95,5,50,no,no
622,male,38,187.4,95.2,6100,apprenticeship,catholic,2,6,3,210,48,3,6,96,4,78,no,yes
623,male,57,178.4,96.9,9400,SEK_II,catholic,1,5,7,410,64,0,0,71,1,0,no,yes
624,male,58,177.5,79.3,7500,SEK_III,evangelical-reformed,2,9,7,790,61,7,3,62,7,79,no,no
625,male,57,192.2,95.9,11100,apprenticeship,evangelical-reformed,0,9,3,1540,24,5,1,120,4,117,no,yes
626,female,60,145.9,56.6,11900,SEK_III,other,0,8,5,1450,27,0,6,129,2,67,no,yes
627,male,39,190.1,103.8,7400,SEK_III,evangelical-reformed,1,7,7,540,33,0,3,95,1,55,no,yes
628,female,31,154.2,54.4,4300,SEK_III,confessionless,3,6,6,620,15,0,2,80,4,56,no,yes
629,male,26,169.8,74.2,5200,SEK_III,catholic,2,7,2,490,36,4,6,81,4,82,no,yes
630,female,34,163,55.3,6400,apprenticeship,confessionless,2,6,4,650,37,3,7,91,4,32,no,yes
631,female,19,159.1,41.6,5200,apprenticeship,evangelical-reformed,3,7,8,310,32,0,5,70,5,42,no,no
632,female,21,162.7,53,2300,obligatory_school,evangelical-reformed,2,6,2,210,16,5,2,65,6,38,no,no
633,male,54,191.3,87.4,10300,SEK_III,confessionless,3,6,3,1030,32,0,7,108,2,45,no,no
634,female,76,171.6,79,12900,obligatory_school,catholic,3,7,8,1180,30,0,6,121,4,25,no,yes
635,male,63,171,74.9,9100,apprenticeship,confessionless,1,7,3,990,12,0,3,96,7,31,no,yes
636,female,24,152.4,59.4,6400,SEK_III,evangelical-reformed,2,8,7,1120,7,0,3,87,6,74,no,yes
637,male,64,185.4,62.4,10000,apprenticeship,confessionless,1,6,5,730,36,2,1,103,2,82,no,no
638,male,48,170.9,81.3,7500,SEK_III,evangelical-reformed,1,6,4,890,23,0,7,40,2,75,no,no
639,male,31,187.7,66.6,6100,SEK_III,confessionless,2,7,4,70,58,7,6,100,2,37,no,yes
640,female,50,176.9,53.3,7800,SEK_III,evangelical-reformed,3,7,5,970,22,0,1,102,3,19,no,no
641,male,21,181,85.4,4000,SEK_III,catholic,1,7,6,520,31,0,3,76,6,13,no,yes
642,male,61,167.3,94,8400,SEK_III,catholic,3,7,2,1230,0,0,5,80,5,62,no,yes
643,male,50,171,80.3,7900,apprenticeship,confessionless,4,7,4,960,29,1,2,76,3,78,no,no
644,female,86,153.3,65.3,13200,apprenticeship,evangelical-reformed,2,7,2,1260,29,4,3,103,5,40,no,yes
645,male,47,161.9,97.5,7100,SEK_III,confessionless,3,7,5,400,56,2,4,112,2,9,no,yes
646,female,41,149.5,66.1,5600,apprenticeship,other,0,6,5,550,32,6,4,95,4,22,no,no
647,female,28,163.2,68.3,6500,obligatory_school,other,2,6,5,510,22,0,5,67,5,60,no,no
648,female,43,162.9,62.3,6800,apprenticeship,confessionless,2,8,5,800,24,0,4,118,6,90,no,yes
649,male,35,163,84.6,5600,apprenticeship,catholic,3,7,3,620,37,1,0,108,2,63,no,yes
650,female,46,173.2,59.7,5700,SEK_II,evangelical-reformed,1,6,5,660,13,0,2,111,8,15,no,no
651,male,51,165.9,92.6,8700,obligatory_school,catholic,1,5,4,1180,0,0,4,69,7,40,no,yes
652,male,23,164.3,82.4,2300,SEK_III,catholic,2,8,5,30,43,0,0,108,1,31,no,yes
653,male,31,164.2,92,6000,apprenticeship,confessionless,1,8,7,1000,0,0,7,78,4,54,no,no
654,female,20,152.5,55.2,4700,SEK_III,confessionless,2,7,3,540,29,0,5,111,9,77,no,yes
655,female,71,170,64.7,10400,apprenticeship,catholic,1,7,6,1190,26,0,6,110,5,61,no,yes
656,female,29,156.9,66.1,2300,apprenticeship,catholic,1,6,4,330,28,5,2,88,2,60,no,yes
657,male,68,192.3,92.5,12200,SEK_III,confessionless,3,8,7,830,60,0,9,85,1,95,no,yes
658,female,83,179.2,66.6,13600,apprenticeship,evangelical-reformed,1,6,3,1610,17,1,6,95,3,47,no,no
659,male,34,177.8,87,6000,apprenticeship,muslim,3,6,4,530,36,5,8,88,4,54,no,yes
660,male,88,160.2,76.1,15300,SEK_II,catholic,1,6,5,1730,0,1,3,75,7,9,no,yes
661,male,59,176.7,96.4,9100,SEK_III,catholic,1,7,4,970,50,0,2,90,6,80,yes,yes
662,female,20,165.8,51.9,4800,SEK_III,evangelical-reformed,2,6,9,550,32,0,7,85,3,76,no,yes
663,female,60,153.3,58.2,10800,SEK_III,confessionless,2,7,7,1100,36,0,2,82,6,88,yes,no
664,female,37,186.9,77.4,5700,apprenticeship,other,2,5,3,430,30,4,4,89,5,63,no,yes
665,male,58,191.6,77.5,9300,SEK_III,catholic,2,6,5,710,44,0,3,141,5,84,no,yes
666,female,28,166.6,66.3,6800,SEK_III,confessionless,0,5,5,690,34,0,5,110,4,54,no,yes
667,male,42,178.9,66,8600,SEK_III,confessionless,1,7,2,1350,30,1,5,65,5,29,no,yes
668,female,42,156.4,63.2,7500,SEK_II,muslim,2,7,5,650,31,3,5,55,5,77,no,yes
669,female,21,145.9,62.4,4300,SEK_II,evangelical-reformed,3,6,4,550,34,0,6,128,3,41,no,yes
670,female,44,175.8,72,8100,SEK_III,confessionless,2,7,4,1040,37,0,2,70,6,74,no,no
671,female,26,157.3,53.6,4000,SEK_III,other,4,7,6,810,40,0,7,103,4,81,no,no
672,male,41,187.2,90.2,9100,apprenticeship,catholic,3,7,6,1320,12,4,2,66,5,28,no,yes
673,female,24,178.9,54.7,4500,apprenticeship,catholic,3,6,6,360,24,0,1,100,1,75,no,yes
674,male,72,182.9,78.5,10500,apprenticeship,evangelical-reformed,4,7,3,1600,23,0,0,58,5,101,no,no
675,female,45,166.9,54,7600,SEK_III,catholic,4,7,6,1190,0,5,1,89,3,68,no,yes
676,male,32,177.7,64.7,7000,SEK_III,confessionless,3,6,5,1030,30,5,4,115,5,55,no,yes
677,female,45,181,76.6,7700,SEK_II,catholic,3,7,4,800,9,0,2,74,1,56,no,yes
678,female,31,179,50.8,5000,SEK_III,confessionless,0,5,5,510,23,7,5,56,2,57,no,no
679,male,23,165.3,112,3900,SEK_II,confessionless,2,6,4,500,31,3,7,38,1,109,no,yes
680,female,35,181,60.8,7700,SEK_III,catholic,0,6,6,1090,21,0,7,60,3,47,no,yes
681,male,47,189.9,91.1,8800,obligatory_school,catholic,0,6,1,890,32,6,3,98,2,83,no,no
682,male,50,159.3,84.2,8900,apprenticeship,evangelical-reformed,1,7,4,520,43,0,5,113,4,63,no,no
683,female,31,164.6,44.4,3400,SEK_III,evangelical-reformed,1,6,7,640,0,0,3,50,5,60,no,yes
684,female,39,169.9,61.8,6600,obligatory_school,catholic,2,5,4,890,0,0,6,77,5,81,no,no
685,female,32,161.6,57,5500,apprenticeship,catholic,4,7,6,770,18,0,0,76,5,64,no,no
686,female,85,150.9,68.6,14100,SEK_III,evangelical-reformed,1,8,7,1420,29,1,0,72,4,57,no,no
687,male,42,183.1,102.5,9200,apprenticeship,catholic,3,7,5,580,59,0,2,107,3,75,no,no
688,female,36,160.5,70.9,8000,apprenticeship,confessionless,5,5,6,1180,0,7,6,72,7,85,no,no
689,female,31,172.9,55.1,4900,SEK_III,confessionless,2,7,3,270,47,0,5,53,2,49,no,yes
690,male,56,161.5,93.3,10400,apprenticeship,catholic,2,7,6,1060,28,0,4,84,2,54,no,yes
691,male,50,155.4,62.9,9900,SEK_III,catholic,2,6,2,590,36,0,7,81,6,91,no,no
692,male,31,176,87.5,4000,apprenticeship,evangelical-reformed,2,8,4,420,52,0,4,81,2,66,no,yes
693,female,31,154,51.7,6500,obligatory_school,catholic,0,7,10,920,20,0,7,108,8,9,no,yes
694,female,24,153,60.2,4700,apprenticeship,catholic,0,8,2,430,48,2,6,61,1,82,no,no
695,male,31,195.9,82.7,5100,SEK_III,evangelical-reformed,2,7,4,860,0,5,0,85,3,88,no,no
696,female,28,178.1,50.3,7100,apprenticeship,catholic,2,7,7,1380,14,3,0,101,7,93,no,yes
697,male,30,177.6,96.4,6700,SEK_III,confessionless,3,7,4,360,57,0,0,90,4,13,no,no
698,male,77,181.3,91,12800,apprenticeship,confessionless,1,7,4,1620,18,0,5,98,2,74,no,yes
699,female,68,163.8,57.1,11000,SEK_III,muslim,3,7,4,940,31,0,2,105,6,71,no,no
700,female,93,152.5,70.3,14900,apprenticeship,confessionless,0,8,4,1920,0,0,3,98,4,99,no,yes
701,female,31,168.7,63.1,4400,SEK_III,confessionless,1,7,6,380,20,0,6,90,4,52,no,yes
702,female,51,150.1,54.7,7600,SEK_III,evangelical-reformed,2,8,7,830,0,0,6,63,4,60,no,yes
703,female,75,159,49.2,13600,apprenticeship,muslim,3,6,5,1520,29,0,2,84,3,62,no,yes
704,male,28,159.2,66.4,6800,SEK_III,evangelical-reformed,2,6,3,1000,0,0,6,83,2,50,no,yes
705,female,31,170.1,67.4,5900,SEK_III,confessionless,2,7,6,1200,0,0,0,72,2,89,no,yes
706,female,45,174.3,61.4,8200,SEK_III,catholic,3,6,2,1180,0,0,6,98,5,53,no,yes
707,female,45,169.2,61.3,5100,obligatory_school,muslim,4,8,7,890,24,0,1,84,6,54,no,no
708,male,33,174,78,6500,apprenticeship,evangelical-reformed,2,6,7,990,0,0,6,115,2,43,no,yes
709,female,42,165.5,64.7,9100,apprenticeship,catholic,1,8,3,930,6,0,6,131,5,66,no,no
710,female,34,176.2,67.7,4000,apprenticeship,evangelical-reformed,2,6,6,580,22,7,5,32,2,11,no,yes
711,male,28,177.5,85.9,7900,SEK_III,evangelical-reformed,3,7,6,980,0,4,1,100,3,62,no,yes
712,female,57,191.1,71.6,9800,apprenticeship,evangelical-reformed,0,7,5,1140,12,0,6,78,2,45,no,yes
713,female,78,168.2,48.1,13400,apprenticeship,confessionless,2,7,7,1290,5,6,4,110,1,66,no,yes
714,male,31,166.3,83,4300,apprenticeship,confessionless,2,7,3,180,43,0,3,91,6,95,no,yes
715,female,60,174.9,50.3,8800,apprenticeship,catholic,3,7,5,1250,30,2,4,86,6,79,no,yes
716,female,60,168.8,73,10200,SEK_III,catholic,2,10,5,1190,21,4,1,87,3,55,no,no
717,female,27,159.4,60.3,3300,apprenticeship,evangelical-reformed,1,7,6,500,24,0,5,99,5,37,no,yes
718,female,31,159.8,48,6100,apprenticeship,confessionless,1,7,4,580,37,2,5,99,2,30,no,no
719,female,31,153.7,67,4000,apprenticeship,other,1,7,4,410,33,5,1,99,1,39,no,yes
720,male,29,161.5,94.9,5500,apprenticeship,catholic,1,6,7,490,33,0,10,90,4,71,no,no
721,female,33,175.4,63.8,5700,SEK_III,evangelical-reformed,3,8,9,680,34,0,9,81,7,76,no,no
722,female,67,161.3,80.6,12400,SEK_III,confessionless,1,7,7,1130,4,4,1,106,4,46,no,no
723,female,25,157.1,76.9,2900,SEK_III,confessionless,3,6,3,740,14,0,3,73,4,86,no,no
724,male,31,173.9,73.1,5900,SEK_III,catholic,1,5,6,740,26,3,4,65,3,60,no,yes
725,male,63,195,75.9,9200,SEK_III,catholic,2,7,4,1050,24,0,7,109,4,68,no,yes
726,male,35,205.2,97.8,4900,SEK_III,confessionless,2,7,4,210,53,5,4,100,0,53,no,yes
727,female,44,172.2,55.2,7800,apprenticeship,evangelical-reformed,2,7,5,920,29,8,8,82,2,46,no,no
728,female,31,163.4,60.9,5400,apprenticeship,evangelical-reformed,1,7,7,860,17,4,5,65,3,88,no,no
729,female,39,144.7,65,6000,apprenticeship,catholic,2,6,6,910,0,7,4,119,5,41,no,yes
730,male,56,188.6,83,8200,apprenticeship,catholic,2,9,5,1050,32,9,8,79,4,74,no,yes
731,male,54,186.8,101.2,10600,apprenticeship,evangelical-reformed,2,7,5,860,56,0,7,98,2,42,no,no
732,male,20,181,97.1,4900,SEK_III,evangelical-reformed,2,8,3,580,0,0,7,107,4,53,no,no
733,female,56,175.4,73.5,8500,apprenticeship,catholic,0,7,4,1190,16,4,5,50,7,67,no,no
734,female,29,164,61.4,3900,SEK_II,evangelical-reformed,1,7,8,620,0,1,8,68,9,81,no,yes
735,female,31,174.6,48.9,5900,apprenticeship,evangelical-reformed,3,9,10,1000,0,0,2,101,5,49,no,yes
736,female,26,184.4,68,5800,SEK_III,catholic,1,7,4,510,28,4,4,75,6,76,no,yes
737,male,31,189.2,89.9,4800,apprenticeship,evangelical-reformed,3,9,9,680,3,0,5,92,3,126,no,no
738,male,24,169.7,67.6,3200,SEK_III,evangelical-reformed,1,8,7,1280,25,3,5,79,2,91,no,yes
739,female,59,176.1,62.2,8700,SEK_II,catholic,2,7,7,900,32,3,6,79,7,100,no,yes
740,male,37,175.8,95.7,6200,apprenticeship,confessionless,1,7,5,400,44,0,5,94,2,36,no,yes
741,female,47,155.8,70.8,8300,SEK_III,confessionless,2,6,8,1080,31,0,4,98,8,60,no,no
742,female,67,159.9,56.8,10700,SEK_II,evangelical-reformed,3,7,4,1080,21,0,7,68,4,14,no,yes
743,female,55,167.4,68.1,10300,SEK_II,catholic,0,6,4,1020,18,0,2,96,3,61,no,no
744,male,30,158.6,86.3,6800,SEK_III,evangelical-reformed,0,6,3,920,0,0,5,80,7,66,no,yes
745,male,30,179.1,55.4,5300,SEK_III,evangelical-reformed,2,7,4,510,55,2,1,61,4,80,no,yes
746,female,31,151.6,59.7,5900,apprenticeship,catholic,2,6,4,570,29,2,4,107,8,64,no,yes
747,male,45,199.2,107.1,6200,apprenticeship,catholic,1,7,7,1020,0,0,7,86,2,64,no,yes
748,female,42,155.3,75.8,6900,apprenticeship,catholic,1,6,3,290,50,1,3,64,6,71,no,no
749,female,19,152.8,51.3,4400,apprenticeship,catholic,2,9,5,310,38,1,4,58,1,54,no,yes
750,female,28,147.6,65.3,3700,apprenticeship,evangelical-reformed,2,8,7,790,0,4,9,58,4,49,no,yes
751,female,72,169.2,59.9,11300,apprenticeship,catholic,2,8,5,1300,19,0,3,111,4,41,no,yes
752,male,43,185.6,86.9,6100,apprenticeship,confessionless,1,7,6,560,10,0,6,69,3,40,no,no
753,male,21,186.1,61.2,3600,obligatory_school,muslim,1,6,7,180,43,0,3,62,3,70,no,no
754,female,29,158.7,71.9,6100,apprenticeship,catholic,2,7,3,810,35,5,6,50,6,44,no,yes
755,male,38,188.1,89.9,7100,SEK_III,confessionless,2,9,6,510,48,7,0,90,4,82,no,yes
756,male,24,179.7,86.9,5400,SEK_III,catholic,4,8,5,560,44,0,2,139,4,42,no,yes
757,female,61,164.8,74.1,10000,apprenticeship,confessionless,2,7,5,1130,22,1,2,72,5,48,no,yes
758,female,67,165,51.6,10600,apprenticeship,confessionless,1,9,4,1450,0,0,4,109,4,65,no,no
759,male,62,176.9,92,9200,apprenticeship,other,3,9,8,770,49,2,3,104,4,76,no,yes
760,female,42,151,60.7,5800,obligatory_school,muslim,1,6,2,370,21,1,5,99,3,32,no,yes
761,female,64,149.4,68.7,11200,apprenticeship,confessionless,1,7,2,760,41,4,0,44,2,85,yes,yes
762,female,48,170.7,58.3,9000,apprenticeship,catholic,1,7,4,1050,13,5,1,119,4,55,no,no
763,female,27,163,62.9,3600,obligatory_school,confessionless,1,6,6,610,24,0,0,63,3,51,no,yes
764,female,60,172,51.6,10700,obligatory_school,evangelical-reformed,2,9,3,1030,27,0,3,98,6,67,no,no
765,female,47,180.5,64.4,8300,SEK_III,catholic,3,7,7,1130,6,0,7,84,8,97,no,yes
766,female,40,162.8,64.5,7500,apprenticeship,evangelical-reformed,3,7,8,1080,32,6,9,105,7,43,no,no
767,female,40,168.3,68.5,7200,apprenticeship,confessionless,2,9,8,890,24,0,5,81,5,58,yes,yes
768,female,20,155.8,73.9,4200,obligatory_school,confessionless,2,7,3,620,29,9,3,50,4,30,no,yes
769,female,70,159.6,52.1,10500,apprenticeship,muslim,2,8,5,930,40,0,4,131,2,46,no,yes
770,male,50,174.6,94.8,5800,apprenticeship,catholic,1,7,4,830,21,0,0,91,2,57,no,yes
771,male,21,168.4,60.3,3800,SEK_III,confessionless,0,6,5,390,28,2,7,77,2,61,no,yes
772,male,47,183.8,79.2,8200,obligatory_school,evangelical-reformed,2,7,7,350,53,0,7,78,3,63,no,yes
773,male,46,204.6,99.7,7000,apprenticeship,confessionless,3,7,8,300,47,7,4,84,1,61,no,yes
774,female,32,152.5,66.2,6400,apprenticeship,catholic,3,7,6,700,24,3,4,100,2,57,no,no
775,female,83,154.5,53,15000,SEK_III,catholic,4,7,7,1610,22,0,7,106,8,80,no,yes
776,female,73,173.6,62.5,13300,obligatory_school,catholic,1,9,7,1630,20,0,2,95,2,71,no,no
777,male,31,190.4,77.4,6100,apprenticeship,evangelical-reformed,1,7,5,-70,53,2,5,91,1,48,no,yes
778,female,44,176.2,65.3,8500,apprenticeship,confessionless,2,7,6,1420,0,1,3,103,7,34,no,yes
779,male,42,169.6,94.3,6800,apprenticeship,confessionless,0,7,4,990,0,0,0,84,4,30,no,yes
780,male,61,181.7,99,11300,apprenticeship,catholic,1,7,6,1190,27,0,6,102,1,40,no,yes
781,male,55,179.7,96.7,8800,apprenticeship,confessionless,2,6,4,780,28,4,2,111,3,51,no,no
782,male,27,179.6,69.5,5100,apprenticeship,confessionless,1,6,4,690,7,0,7,62,2,58,no,no
783,male,51,175.8,104.4,8900,SEK_III,confessionless,0,5,7,260,67,0,2,100,3,44,no,yes
784,male,43,194,84.8,8600,apprenticeship,other,3,7,4,1410,0,3,1,125,2,16,yes,yes
785,female,31,153.9,58.5,6500,SEK_III,confessionless,2,7,7,1090,18,1,7,81,5,52,no,yes
786,female,21,169.8,67.9,3800,apprenticeship,confessionless,3,7,6,470,34,4,4,80,6,41,no,yes
787,female,64,160.7,80.8,11700,SEK_III,confessionless,2,5,5,1340,24,0,0,99,4,31,no,yes
788,male,46,167.5,67.7,7900,SEK_III,catholic,1,6,8,-80,62,0,2,69,2,28,no,yes
789,female,46,164.9,63.5,6900,SEK_III,evangelical-reformed,2,7,3,950,0,4,4,98,7,64,no,no
790,female,51,151.4,68.9,8100,SEK_II,catholic,1,6,6,980,15,3,1,104,5,45,no,yes
791,male,53,184.2,89,8800,obligatory_school,other,2,6,6,1110,10,0,4,102,1,40,no,no
792,female,67,151.8,61.5,12300,apprenticeship,catholic,2,5,5,1140,38,5,4,51,5,56,no,yes
793,female,31,168,65.9,5900,SEK_III,catholic,2,7,1,730,26,0,2,115,7,43,no,yes
794,female,44,171.6,68.2,6200,SEK_III,catholic,0,7,6,610,21,0,11,96,4,49,no,yes
795,male,58,187.1,71.2,9500,SEK_III,evangelical-reformed,2,7,7,1140,37,0,3,74,2,44,yes,yes
796,male,33,166.9,105.5,4000,SEK_III,evangelical-reformed,2,8,7,520,31,6,7,65,3,45,yes,yes
797,male,45,190.1,96.6,8400,apprenticeship,catholic,3,6,5,600,38,0,4,63,4,83,no,yes
798,female,54,172.6,56.8,10400,obligatory_school,confessionless,2,7,3,860,41,0,1,82,8,54,no,no
799,male,32,149.7,84,5500,SEK_III,evangelical-reformed,3,7,4,430,46,0,6,60,3,73,yes,no
800,male,72,177.6,102.9,12600,obligatory_school,confessionless,1,8,7,1260,33,0,6,105,5,63,no,yes
801,female,21,161.4,70.9,4400,SEK_III,catholic,1,7,4,550,44,0,5,114,6,37,no,yes
802,female,56,153.4,61.1,7200,SEK_III,catholic,1,9,3,880,27,3,5,75,2,93,no,yes
803,female,31,146.1,51.7,4900,SEK_III,other,4,7,7,640,7,6,5,54,5,82,no,yes
804,female,40,175.3,53.5,7800,SEK_III,catholic,2,7,4,950,14,0,8,84,5,56,no,yes
805,male,26,183.7,78,2800,apprenticeship,catholic,0,6,4,-50,34,0,1,88,4,41,no,yes
806,male,36,183.1,91.7,7100,obligatory_school,catholic,2,10,3,1170,51,0,2,79,2,51,no,yes
807,male,32,208.9,80.6,6200,SEK_III,catholic,2,6,5,230,45,0,0,119,4,51,no,yes
808,male,49,166.3,85.8,10700,SEK_III,confessionless,1,7,8,1250,44,0,0,89,3,41,no,yes
809,male,61,164.1,87.9,9400,apprenticeship,catholic,3,7,4,1210,19,3,1,67,4,42,no,yes
810,male,50,190.1,102,9000,SEK_III,catholic,1,7,4,900,35,0,3,94,4,57,no,yes
811,female,75,164.5,75.3,9900,SEK_III,confessionless,2,6,4,950,39,3,2,78,3,93,no,no
812,female,43,176.6,64.1,6800,obligatory_school,confessionless,2,6,3,420,42,5,4,97,3,73,no,yes
813,female,63,154.5,66.3,9900,SEK_III,confessionless,1,7,3,760,27,0,6,81,4,80,no,yes
814,male,33,176.4,91.6,4800,obligatory_school,catholic,1,6,5,-150,65,6,8,116,3,56,no,yes
815,male,31,181.8,71,5700,SEK_III,muslim,2,7,4,780,22,0,3,60,3,16,no,yes
816,female,31,161,62.3,5700,apprenticeship,evangelical-reformed,1,7,4,130,33,3,4,108,6,82,no,no
817,male,64,184.5,84.3,10000,SEK_III,evangelical-reformed,3,7,6,1240,0,3,4,85,2,69,no,yes
818,female,21,158.7,66.1,4800,apprenticeship,evangelical-reformed,1,9,7,570,24,0,3,83,5,77,no,yes
819,female,28,152.6,57.9,4100,SEK_III,catholic,3,7,4,870,0,7,7,59,0,54,no,yes
820,male,21,166.8,66.4,5500,SEK_III,confessionless,3,7,5,740,34,9,0,86,4,64,no,no
821,female,80,162.3,52,14000,obligatory_school,confessionless,2,7,2,1230,40,0,2,77,4,39,no,yes
822,male,39,188.7,66.1,7100,apprenticeship,evangelical-reformed,1,6,6,930,0,1,6,93,2,110,no,yes
823,female,31,163.2,55.3,4200,SEK_III,confessionless,1,7,5,660,0,0,4,108,5,80,no,no
824,male,47,191.3,73.2,8800,obligatory_school,confessionless,3,7,7,640,46,4,4,93,2,42,no,no
825,male,62,182.8,87.7,10200,apprenticeship,catholic,4,6,5,740,47,0,3,87,2,116,no,no
826,female,28,161.3,55.2,6500,apprenticeship,confessionless,0,7,2,630,24,0,1,102,6,86,no,no
827,female,52,167.2,51.4,8900,apprenticeship,catholic,0,7,5,630,37,3,2,96,5,78,no,yes
828,male,31,160.7,80.2,6500,SEK_III,confessionless,3,7,6,690,41,0,6,93,4,6,no,yes
829,male,40,185,63.1,5500,apprenticeship,catholic,2,9,7,350,54,7,1,69,5,87,no,yes
830,female,31,178.1,64.8,4200,apprenticeship,evangelical-reformed,3,5,3,420,22,5,2,86,3,56,no,no
831,male,30,165.8,84.6,4300,SEK_III,confessionless,2,7,5,380,32,0,5,73,0,66,no,yes
832,female,25,179.4,65.2,5900,SEK_III,confessionless,1,7,8,430,46,0,3,93,2,29,no,yes
833,male,21,195.3,109.2,7441.599064739421,SEK_II,catholic,1,9,5,510,45,0,8,91,3,96,no,yes
834,male,68,179.7,77.2,12500,apprenticeship,muslim,2,7,7,1460,47,0,4,112,3,60,yes,yes
835,female,48,154.3,58.9,7400,SEK_III,catholic,3,7,7,850,21,0,3,95,3,79,no,yes
836,male,42,171.6,67.3,6800,SEK_III,catholic,1,8,7,640,29,5,6,82,4,56,no,yes
837,female,36,155.7,72.9,7000,SEK_III,catholic,3,8,7,1100,0,0,5,66,2,66,no,yes
838,male,41,156.1,82.6,7400,SEK_III,evangelical-reformed,0,7,3,1010,31,0,5,91,4,37,no,yes
839,female,95,154.3,64.8,13900,apprenticeship,catholic,1,7,3,1350,31,5,2,80,7,99,no,yes
840,male,74,188.2,97,12500,SEK_III,other,3,7,3,1410,40,0,4,79,3,7,no,yes
841,male,76,171,68.5,12500,SEK_II,catholic,1,5,9,1460,0,4,6,76,4,97,no,yes
842,male,40,190.8,89.5,6700,SEK_III,confessionless,3,8,6,1120,0,0,8,74,1,28,no,yes
843,male,52,179.7,89.1,9800,obligatory_school,evangelical-reformed,1,9,2,660,69,6,4,83,6,26,no,yes
844,female,63,165.8,59.6,10100,apprenticeship,catholic,4,9,5,1200,35,2,2,82,3,51,no,yes
845,male,29,174.6,63.4,5200,SEK_III,confessionless,1,7,5,400,51,0,2,93,3,116,no,yes
846,male,53,160.8,92.6,8100,SEK_III,confessionless,2,9,7,1130,38,0,7,118,5,5,no,no
847,female,84,162,69.9,16600,SEK_III,evangelical-reformed,2,10,3,1650,39,0,7,92,5,71,no,no
848,male,31,196.8,79,7500,SEK_III,confessionless,1,7,4,1120,25,0,4,106,3,65,no,yes
849,female,53,141.9,53.5,7000,apprenticeship,evangelical-reformed,1,7,6,1120,0,0,9,89,5,39,no,yes
850,female,27,169.4,65.2,3700,apprenticeship,confessionless,1,7,4,860,0,0,6,104,8,57,no,yes
851,male,52,160.6,90.5,9400,apprenticeship,catholic,2,6,8,1030,31,8,7,82,4,104,no,yes
852,male,44,163.8,93.1,7900,SEK_III,other,3,7,5,450,45,0,3,112,2,99,no,no
853,male,50,168.1,102.9,9100,apprenticeship,catholic,2,6,8,1020,23,0,4,105,3,38,no,yes
854,male,31,169,81.5,4900,SEK_II,confessionless,2,7,7,800,39,10,8,115,3,71,no,no
855,female,31,154.8,63.9,5700,apprenticeship,evangelical-reformed,2,7,3,410,33,1,0,95,3,61,no,yes
856,female,63,158.2,65.8,11100,apprenticeship,evangelical-reformed,1,6,7,1080,25,0,4,123,4,46,no,no
857,female,31,173.5,58.8,5100,apprenticeship,other,2,7,5,660,39,0,3,55,4,77,no,yes
858,female,41,136.4,54.1,9500,apprenticeship,confessionless,3,7,5,550,35,0,6,107,4,59,no,no
859,female,25,143,60.6,3900,SEK_III,confessionless,3,6,3,360,40,0,5,84,3,48,no,no
860,male,41,183.8,107.2,7600,apprenticeship,catholic,2,5,5,700,49,8,7,90,4,80,no,yes
861,male,48,167.4,82.9,8200,SEK_III,evangelical-reformed,0,6,4,750,46,0,4,63,3,67,no,no
862,female,42,157.8,51.9,8000,obligatory_school,catholic,2,9,7,1250,0,0,5,106,4,104,no,no
863,female,58,170.4,73,9800,SEK_III,catholic,2,7,6,1300,41,4,2,79,4,38,no,yes
864,male,31,196.5,80,5500,apprenticeship,confessionless,2,7,6,930,0,0,1,99,1,93,no,yes
865,female,31,149.9,54.3,7400,apprenticeship,evangelical-reformed,1,7,6,1180,0,0,0,79,2,58,no,no
866,male,73,176.3,89,11000,apprenticeship,catholic,0,6,3,1190,41,0,3,95,5,126,no,no
867,female,31,165.6,57.8,4800,apprenticeship,catholic,2,6,3,400,52,2,5,73,6,53,no,no
868,male,59,172.3,84.4,9100,apprenticeship,catholic,2,9,6,660,67,4,4,53,2,71,no,no
869,female,22,160.5,70,4100,SEK_III,confessionless,1,6,3,720,0,0,0,57,5,65,no,yes
870,female,42,167,60,7300,obligatory_school,confessionless,1,7,5,450,52,3,2,97,6,77,no,yes
871,female,52,157.6,62.8,8500,SEK_III,other,2,6,4,660,31,0,4,79,5,38,no,no
872,female,70,178.9,65.1,10700,SEK_III,evangelical-reformed,2,5,7,720,37,4,1,106,2,54,no,yes
873,female,43,172.5,60.9,7900,obligatory_school,evangelical-reformed,1,7,9,720,24,0,2,110,5,64,no,yes
874,female,46,172.5,69.6,8300,apprenticeship,catholic,0,7,5,930,25,0,2,91,2,22,no,yes
875,female,35,144.3,68.4,5200,SEK_II,confessionless,2,8,6,740,19,0,3,88,5,36,yes,yes
876,female,27,167.4,64.2,6200,apprenticeship,evangelical-reformed,1,6,6,1190,0,1,2,68,1,90,no,yes
877,female,64,152.7,60.9,10300,SEK_III,catholic,3,6,4,1100,31,4,7,62,5,59,no,no
878,male,28,178.8,90.7,5700,apprenticeship,catholic,1,7,8,840,21,0,3,77,4,85,no,no
879,male,83,164.8,88.1,13100,apprenticeship,confessionless,2,5,3,880,64,2,0,54,3,12,no,no
880,male,39,158.5,79.6,3800,apprenticeship,catholic,3,7,2,380,0,0,2,72,3,37,no,yes
881,male,68,181.5,88.1,10800,apprenticeship,confessionless,2,7,3,1430,38,0,6,84,3,103,no,yes
882,female,64,162.3,80.3,11700,SEK_III,catholic,1,5,5,1120,20,3,5,64,5,33,no,yes
883,female,57,165.1,56.1,10200,apprenticeship,confessionless,0,7,1,1360,28,4,5,80,4,62,no,no
884,male,31,187.3,103.8,4400,SEK_III,catholic,2,7,7,960,0,5,0,90,6,71,no,no
885,female,57,174.3,68.7,11000,SEK_III,confessionless,1,7,7,1310,0,9,1,65,6,27,no,yes
886,female,45,180.6,62.1,6900,obligatory_school,evangelical-reformed,2,7,4,610,25,0,3,59,3,71,no,yes
887,male,31,199.5,85.1,4700,apprenticeship,catholic,0,5,5,460,27,0,1,105,2,78,no,no
888,female,22,172.8,63.6,5300,SEK_II,catholic,0,5,4,290,40,0,8,111,3,60,no,no
889,female,30,183.9,61.1,5700,apprenticeship,catholic,3,7,4,560,28,0,6,95,6,42,no,no
890,female,49,156,74.6,8600,apprenticeship,catholic,1,7,5,890,16,6,5,90,2,64,no,yes
891,female,43,179,65.6,8400,apprenticeship,evangelical-reformed,2,7,4,710,28,0,5,66,3,67,no,yes
892,male,41,181.6,84.6,7800,SEK_III,muslim,2,6,6,770,50,0,3,89,5,69,no,yes
893,male,39,198.2,80.3,8800,apprenticeship,confessionless,1,8,8,540,44,5,3,56,5,62,no,no
894,male,41,179.8,69,5800,apprenticeship,catholic,0,6,3,1030,29,6,7,53,1,55,no,yes
895,male,33,170.7,84.6,4000,SEK_II,catholic,2,7,4,470,29,0,6,117,4,58,no,yes
896,male,55,180.4,104.8,8400,SEK_III,catholic,1,7,3,980,43,4,1,91,2,27,no,yes
897,male,22,173.6,100.5,5300,SEK_III,other,4,7,5,1030,0,5,1,123,4,50,no,no
898,female,43,167.3,60,7000,apprenticeship,catholic,1,8,9,820,20,0,4,70,5,65,no,yes
899,male,35,183.9,100.6,7100,SEK_III,muslim,2,5,4,810,13,0,6,74,7,50,no,no
900,male,50,178.2,84.4,8400,obligatory_school,muslim,2,7,5,1330,31,4,4,84,7,39,no,yes
901,male,64,186.3,67.2,10200,SEK_III,catholic,3,7,5,790,62,0,4,102,3,69,no,yes
902,female,47,172,46.3,10900,SEK_III,evangelical-reformed,2,9,6,1550,24,0,5,72,3,53,no,yes
903,female,60,172.6,55.8,10900,SEK_II,confessionless,3,5,6,660,42,0,3,82,6,47,no,no
904,male,63,167.1,93.2,10700,SEK_III,confessionless,3,7,3,1430,13,6,7,71,4,49,no,no
905,male,35,198,99.7,5900,obligatory_school,catholic,1,7,7,340,26,4,3,76,5,81,no,no
906,female,18,169.1,72.3,4700,SEK_II,evangelical-reformed,1,8,4,940,0,3,2,116,4,39,yes,no
907,female,38,164.4,47.9,8000,SEK_II,confessionless,3,7,4,750,14,0,7,76,3,84,no,yes
908,female,41,157.7,61.4,8500,obligatory_school,evangelical-reformed,3,8,3,1170,0,3,4,72,6,66,no,no
909,male,29,172.6,75.6,4500,apprenticeship,catholic,2,7,6,1060,14,4,6,107,1,56,no,no
910,female,85,165.3,78.8,14600,SEK_III,catholic,1,6,6,1810,11,0,6,103,4,48,no,yes
911,female,42,142.3,54.7,8700,SEK_III,confessionless,0,7,8,930,21,0,1,84,6,65,no,yes
912,male,76,174.6,96.2,12000,SEK_III,other,3,7,7,1090,29,3,3,76,1,15,yes,yes
913,male,27,180.1,73,5300,SEK_II,confessionless,1,7,6,460,36,0,1,87,5,52,no,yes
914,male,47,172.8,104,7500,obligatory_school,confessionless,3,8,5,760,45,0,7,82,7,46,no,yes
915,female,40,176.7,70.7,7200,apprenticeship,evangelical-reformed,2,7,4,1050,25,0,9,83,3,51,no,no
916,male,40,175.7,84.8,7300,SEK_III,confessionless,3,6,5,510,41,6,7,91,3,48,no,no
917,female,64,170,62.9,8500,SEK_III,confessionless,1,9,6,870,41,4,1,108,2,44,no,yes
918,male,61,166.3,97.5,8500,apprenticeship,evangelical-reformed,2,7,3,1050,0,0,6,123,2,57,no,yes
919,male,58,168.8,69.6,7600,SEK_III,evangelical-reformed,2,7,4,630,44,0,8,126,2,78,no,yes
920,male,46,171,112.4,7700,SEK_III,confessionless,1,6,5,1010,28,5,0,114,2,15,no,yes
921,male,46,174.3,93.5,5700,apprenticeship,confessionless,1,9,5,690,47,7,1,97,3,68,no,yes
922,female,74,162,64.9,12700,apprenticeship,muslim,1,7,4,1480,0,6,4,93,0,39,no,yes
923,male,37,170.8,80,6800,SEK_III,confessionless,1,7,6,420,25,0,3,70,3,56,no,yes
924,female,26,156.5,58.7,5500,apprenticeship,evangelical-reformed,2,7,7,1250,10,1,2,81,1,30,no,no
925,female,34,181.6,62.3,5000,obligatory_school,muslim,1,7,5,640,18,0,3,91,7,70,no,yes
926,male,18,185,84.6,2500,apprenticeship,confessionless,2,8,4,90,47,0,4,49,2,68,no,yes
927,male,38,174,71.1,5500,apprenticeship,evangelical-reformed,3,7,5,180,56,6,7,88,1,54,no,yes
928,male,31,154.5,90.4,6700,apprenticeship,confessionless,1,7,7,520,33,0,10,53,2,45,no,yes
929,female,45,167.2,74.1,8200,SEK_II,evangelical-reformed,2,5,6,1130,16,0,5,88,3,50,no,no
930,female,64,161.9,61.3,10700,SEK_III,confessionless,2,6,6,930,29,0,7,81,8,74,no,no
931,male,45,184.1,103.8,5800,obligatory_school,catholic,1,7,5,1340,0,7,3,63,4,79,no,no
932,female,21,165.6,64.8,2100,SEK_II,catholic,3,6,3,460,12,0,2,114,4,87,no,yes
933,male,24,177.7,92.8,6500,SEK_III,confessionless,3,7,4,740,45,2,6,104,1,63,no,no
934,female,31,165.8,68.2,7000,apprenticeship,confessionless,1,6,2,1010,22,0,4,97,2,58,no,yes
935,male,41,200.5,66.2,8400,SEK_III,confessionless,2,7,7,1030,0,6,3,107,5,14,no,yes
936,male,29,161.3,93.3,5000,apprenticeship,evangelical-reformed,2,7,7,750,35,4,4,101,4,47,no,yes
937,male,59,162.3,85.1,8700,SEK_III,catholic,1,7,5,1340,29,4,3,87,5,100,no,yes
938,female,20,162.3,70.9,3800,apprenticeship,other,3,7,4,760,0,3,7,61,6,59,no,no
939,female,76,163.6,62.4,14200,SEK_II,muslim,3,7,5,1220,14,3,7,89,1,37,no,yes
940,female,31,166,68.5,6800,apprenticeship,evangelical-reformed,1,6,8,410,17,0,10,95,8,57,no,yes
941,male,92,177.2,99.6,14400,SEK_II,muslim,1,7,7,1420,43,7,3,86,2,16,no,yes
942,female,34,153.6,53.9,5500,SEK_III,confessionless,2,5,3,690,24,4,2,107,6,73,no,no
943,male,67,193.3,88.1,11700,apprenticeship,confessionless,0,5,7,760,39,0,2,112,1,39,no,yes
944,female,19,170.1,71.8,4600,apprenticeship,confessionless,3,6,3,730,34,0,3,104,5,51,no,yes
945,male,38,199.8,49,6000,SEK_III,confessionless,2,7,5,230,46,3,6,126,4,61,no,yes
946,female,27,164.5,66.5,6600,obligatory_school,confessionless,1,7,7,960,13,0,3,81,2,42,no,no
947,male,73,186.3,71.3,12800,SEK_III,evangelical-reformed,1,8,3,1470,0,3,3,124,2,69,no,no
948,female,42,166.2,58.3,7500,SEK_III,catholic,6,8,6,1250,25,3,4,75,3,85,no,yes
949,female,56,168.3,73.4,8800,SEK_II,catholic,1,9,4,1410,8,0,0,76,3,105,no,yes
950,female,68,170.7,69.1,9600,SEK_II,evangelical-reformed,0,7,5,1200,19,0,2,119,7,61,no,yes
951,female,25,153,59.4,5300,apprenticeship,evangelical-reformed,2,9,6,700,44,7,7,100,3,58,yes,yes
952,female,56,179.7,67.7,10300,apprenticeship,catholic,2,5,5,1170,38,0,7,99,5,70,no,yes
953,male,42,182.3,87.1,9500,SEK_III,evangelical-reformed,4,6,4,780,69,0,0,64,1,51,no,no
954,female,78,181.5,53.4,11600,apprenticeship,evangelical-reformed,2,7,7,1460,35,0,5,88,4,59,no,yes
955,female,41,168.3,68.2,9100,SEK_III,evangelical-reformed,2,5,5,1090,34,0,2,69,4,70,no,yes
956,male,69,185.7,113.5,10600,SEK_III,confessionless,4,7,8,630,59,0,0,88,4,29,no,no
957,female,31,178.3,64.6,6500,SEK_III,evangelical-reformed,2,6,7,1020,0,0,8,78,3,62,no,yes
958,female,38,157.6,56.6,6500,apprenticeship,catholic,3,7,6,590,23,6,4,87,5,60,no,yes
959,male,29,186.2,94.9,5000,obligatory_school,evangelical-reformed,2,5,5,260,24,11,5,97,3,100,no,no
960,male,29,178.1,75,5500,SEK_III,confessionless,2,7,3,630,41,0,6,62,1,45,no,yes
961,male,75,162,79.4,11600,SEK_III,evangelical-reformed,3,9,7,1430,41,2,9,74,1,38,yes,no
962,male,35,170.1,64.3,2600,apprenticeship,evangelical-reformed,2,7,6,-80,52,6,8,69,2,82,no,no
963,female,60,156.7,54.6,9600,SEK_III,catholic,2,6,6,900,28,0,6,84,3,72,no,yes
964,female,58,166.5,67.5,7400,apprenticeship,confessionless,1,9,5,890,0,0,6,96,7,69,no,no
965,male,39,176.4,55.1,7500,SEK_III,catholic,1,6,7,750,36,0,7,69,6,99,yes,yes
966,male,19,172.4,66.3,2700,SEK_II,evangelical-reformed,1,7,5,730,0,8,3,100,7,23,no,no
967,female,54,144.8,66,9900,apprenticeship,evangelical-reformed,2,5,4,1280,15,3,4,105,3,71,no,yes
968,female,87,162,73.4,12500,apprenticeship,confessionless,4,7,6,1240,28,0,3,56,6,73,no,yes
969,male,31,176.1,87.3,5700,SEK_III,confessionless,0,7,6,790,0,8,6,136,3,87,no,no
970,male,44,176.5,102.6,6500,SEK_III,confessionless,1,7,4,600,39,7,5,112,4,79,no,yes
971,female,46,153.3,68.1,6000,apprenticeship,evangelical-reformed,1,10,5,460,52,6,7,104,5,57,no,yes
972,female,31,152.3,49.2,4100,apprenticeship,evangelical-reformed,3,6,2,290,29,0,4,105,4,72,no,no
973,female,31,168.1,75.6,4900,SEK_III,confessionless,2,8,6,750,23,6,8,75,7,51,no,no
974,male,36,173.4,95.5,5300,apprenticeship,catholic,1,6,7,840,29,0,3,18,2,48,no,yes
975,female,39,155.7,55.9,5400,SEK_III,evangelical-reformed,0,6,8,1070,0,0,11,78,3,58,no,yes
976,male,18,179.9,95.7,1800,apprenticeship,catholic,2,7,5,510,0,0,3,116,4,26,no,no
977,male,61,189.8,97.5,11400,apprenticeship,other,1,7,5,1150,38,2,3,113,3,56,no,no
978,female,28,153,62,5700,apprenticeship,muslim,0,7,5,690,0,0,7,73,5,28,no,no
979,female,30,180.3,56.6,5400,SEK_III,catholic,4,7,4,870,29,2,0,71,2,54,no,yes
980,male,30,179.2,94.5,4600,apprenticeship,confessionless,2,7,5,520,21,0,6,51,4,65,no,no
981,male,51,175.4,69,7600,SEK_III,catholic,1,8,8,250,71,0,7,81,3,32,no,yes
982,female,50,159.1,56.4,9100,apprenticeship,catholic,3,7,3,850,32,0,2,48,6,62,no,yes
983,male,39,182.7,98.9,7600,apprenticeship,confessionless,2,7,2,420,65,0,0,81,4,17,no,yes
984,female,36,157.3,58.8,6400,apprenticeship,confessionless,4,7,6,900,16,0,7,88,0,63,no,no
985,female,31,159.5,60.2,5700,SEK_III,catholic,0,7,5,260,38,4,3,65,5,60,no,no
986,male,38,174.9,71,6600,SEK_III,catholic,2,7,7,790,43,0,4,60,2,61,no,no
987,male,69,167,75,11800,apprenticeship,confessionless,3,6,6,1370,0,0,0,95,6,68,no,yes
988,female,63,162.4,63.7,7000,apprenticeship,catholic,2,8,8,1330,0,3,3,116,2,86,no,yes
989,male,28,204.1,104.3,7700,SEK_II,catholic,0,6,8,420,37,0,0,95,3,64,no,no
990,male,45,180.4,83,7700,SEK_III,confessionless,4,7,4,820,32,3,3,58,3,50,no,yes
991,female,47,175.2,49.9,8100,apprenticeship,evangelical-reformed,3,6,6,1040,0,9,4,72,6,23,no,yes
992,female,56,173.5,83.9,8800,apprenticeship,evangelical-reformed,2,7,5,1200,0,0,7,90,3,40,yes,yes
993,female,78,185.7,67.2,13400,obligatory_school,catholic,2,5,4,1760,8,0,1,74,5,46,no,yes
994,male,53,183.2,95.8,7500,apprenticeship,catholic,2,9,7,500,41,2,4,35,3,22,no,no
995,male,31,169.6,79.2,4200,SEK_III,catholic,0,8,5,560,47,0,0,71,2,89,yes,no
996,female,31,148.2,65.2,5100,SEK_III,confessionless,2,7,3,680,18,0,7,93,8,87,no,yes
997,male,55,169.6,81.3,7200,obligatory_school,catholic,2,5,1,630,65,0,5,65,3,24,no,yes
998,male,39,179.8,88.4,8300,SEK_III,evangelical-reformed,2,7,7,1060,33,0,3,74,1,76,no,no
999,male,39,183.6,98.4,5700,apprenticeship,catholic,1,7,3,800,37,0,7,64,2,47,yes,yes
1000,female,45,155.7,65.7,8200,apprenticeship,confessionless,1,9,7,940,28,0,3,101,7,16,no,yes
